[{
  "Year": "2011",
  "Country": "Australia",
  "Sub_Category": "Road Bikes",
  "Average_Revenue": "718.90566037735857"
}, {
  "Year": "2011",
  "Country": "Australia",
  "Sub_Category": "Mountain Bikes",
  "Average_Revenue": "587.8974358974358"
}, {
  "Year": "2012",
  "Country": "Australia",
  "Sub_Category": "Mountain Bikes",
  "Average_Revenue": "930.138888888889"
}, {
  "Year": "2012",
  "Country": "Australia",
  "Sub_Category": "Road Bikes",
  "Average_Revenue": "899.98373983739828"
}, {
  "Year": "2013",
  "Country": "Australia",
  "Sub_Category": "Touring Bikes",
  "Average_Revenue": "745.0"
}, {
  "Year": "2013",
  "Country": "Australia",
  "Sub_Category": "Road Bikes",
  "Average_Revenue": "688.13580246913568"
}, {
  "Year": "2013",
  "Country": "Australia",
  "Sub_Category": "Mountain Bikes",
  "Average_Revenue": "602.67692307692278"
}, {
  "Year": "2013",
  "Country": "Australia",
  "Sub_Category": "Shorts",
  "Average_Revenue": "584.13888888888891"
}, {
  "Year": "2013",
  "Country": "Australia",
  "Sub_Category": "Bike Stands",
  "Average_Revenue": "576.47368421052636"
}, {
  "Year": "2013",
  "Country": "Australia",
  "Sub_Category": "Vests",
  "Average_Revenue": "574.047619047619"
}, {
  "Year": "2013",
  "Country": "Australia",
  "Sub_Category": "Hydration Packs",
  "Average_Revenue": "570.45283018867917"
}, {
  "Year": "2013",
  "Country": "Australia",
  "Sub_Category": "Jerseys",
  "Average_Revenue": "552.7179487179485"
}, {
  "Year": "2013",
  "Country": "Australia",
  "Sub_Category": "Bike Racks",
  "Average_Revenue": "549.76923076923072"
}, {
  "Year": "2013",
  "Country": "Australia",
  "Sub_Category": "Helmets",
  "Average_Revenue": "447.55000000000013"
}, {
  "Year": "2013",
  "Country": "Australia",
  "Sub_Category": "Fenders",
  "Average_Revenue": "306.52142857142849"
}, {
  "Year": "2013",
  "Country": "Australia",
  "Sub_Category": "Gloves",
  "Average_Revenue": "288.18253968253953"
}, {
  "Year": "2013",
  "Country": "Australia",
  "Sub_Category": "Tires and Tubes",
  "Average_Revenue": "134.2184684684683"
}, {
  "Year": "2013",
  "Country": "Australia",
  "Sub_Category": "Caps",
  "Average_Revenue": "128.84023668639048"
}, {
  "Year": "2013",
  "Country": "Australia",
  "Sub_Category": "Socks",
  "Average_Revenue": "113.27777777777779"
}, {
  "Year": "2013",
  "Country": "Australia",
  "Sub_Category": "Cleaners",
  "Average_Revenue": "96.838709677419359"
}, {
  "Year": "2013",
  "Country": "Australia",
  "Sub_Category": "Bottles and Cages",
  "Average_Revenue": "85.3744149765989"
}, {
  "Year": "2014",
  "Country": "Australia",
  "Sub_Category": "Touring Bikes",
  "Average_Revenue": "683.98969072164971"
}, {
  "Year": "2014",
  "Country": "Australia",
  "Sub_Category": "Road Bikes",
  "Average_Revenue": "669.13761467889924"
}, {
  "Year": "2014",
  "Country": "Australia",
  "Sub_Category": "Mountain Bikes",
  "Average_Revenue": "618.22916666666652"
}, {
  "Year": "2014",
  "Country": "Australia",
  "Sub_Category": "Bike Racks",
  "Average_Revenue": "610.16000000000008"
}, {
  "Year": "2014",
  "Country": "Australia",
  "Sub_Category": "Bike Stands",
  "Average_Revenue": "598.33333333333337"
}, {
  "Year": "2014",
  "Country": "Australia",
  "Sub_Category": "Hydration Packs",
  "Average_Revenue": "523.33333333333314"
}, {
  "Year": "2014",
  "Country": "Australia",
  "Sub_Category": "Vests",
  "Average_Revenue": "501.2380952380953"
}, {
  "Year": "2014",
  "Country": "Australia",
  "Sub_Category": "Jerseys",
  "Average_Revenue": "487.98141263940522"
}, {
  "Year": "2014",
  "Country": "Australia",
  "Sub_Category": "Shorts",
  "Average_Revenue": "476.11627906976747"
}, {
  "Year": "2014",
  "Country": "Australia",
  "Sub_Category": "Helmets",
  "Average_Revenue": "440.2780337941627"
}, {
  "Year": "2014",
  "Country": "Australia",
  "Sub_Category": "Gloves",
  "Average_Revenue": "285.31901840490804"
}, {
  "Year": "2014",
  "Country": "Australia",
  "Sub_Category": "Fenders",
  "Average_Revenue": "272.73563218390797"
}, {
  "Year": "2014",
  "Country": "Australia",
  "Sub_Category": "Socks",
  "Average_Revenue": "134.62068965517247"
}, {
  "Year": "2014",
  "Country": "Australia",
  "Sub_Category": "Tires and Tubes",
  "Average_Revenue": "132.14096185738018"
}, {
  "Year": "2014",
  "Country": "Australia",
  "Sub_Category": "Caps",
  "Average_Revenue": "116.84584980237162"
}, {
  "Year": "2014",
  "Country": "Australia",
  "Sub_Category": "Cleaners",
  "Average_Revenue": "114.54098360655738"
}, {
  "Year": "2014",
  "Country": "Australia",
  "Sub_Category": "Bottles and Cages",
  "Average_Revenue": "84.6247264770242"
}, {
  "Year": "2015",
  "Country": "Australia",
  "Sub_Category": "Touring Bikes",
  "Average_Revenue": "747.18421052631584"
}, {
  "Year": "2015",
  "Country": "Australia",
  "Sub_Category": "Road Bikes",
  "Average_Revenue": "703.334677419355"
}, {
  "Year": "2015",
  "Country": "Australia",
  "Sub_Category": "Mountain Bikes",
  "Average_Revenue": "604.39784946236557"
}, {
  "Year": "2015",
  "Country": "Australia",
  "Sub_Category": "Vests",
  "Average_Revenue": "576.33333333333337"
}, {
  "Year": "2015",
  "Country": "Australia",
  "Sub_Category": "Hydration Packs",
  "Average_Revenue": "570.21052631578937"
}, {
  "Year": "2015",
  "Country": "Australia",
  "Sub_Category": "Jerseys",
  "Average_Revenue": "561.109311740891"
}, {
  "Year": "2015",
  "Country": "Australia",
  "Sub_Category": "Shorts",
  "Average_Revenue": "552.75"
}, {
  "Year": "2015",
  "Country": "Australia",
  "Sub_Category": "Bike Stands",
  "Average_Revenue": "548.61904761904759"
}, {
  "Year": "2015",
  "Country": "Australia",
  "Sub_Category": "Bike Racks",
  "Average_Revenue": "534.71428571428578"
}, {
  "Year": "2015",
  "Country": "Australia",
  "Sub_Category": "Helmets",
  "Average_Revenue": "436.95393474088331"
}, {
  "Year": "2015",
  "Country": "Australia",
  "Sub_Category": "Fenders",
  "Average_Revenue": "299.94285714285729"
}, {
  "Year": "2015",
  "Country": "Australia",
  "Sub_Category": "Gloves",
  "Average_Revenue": "276.88095238095246"
}, {
  "Year": "2015",
  "Country": "Australia",
  "Sub_Category": "Tires and Tubes",
  "Average_Revenue": "131.79744936234047"
}, {
  "Year": "2015",
  "Country": "Australia",
  "Sub_Category": "Caps",
  "Average_Revenue": "125.4674556213018"
}, {
  "Year": "2015",
  "Country": "Australia",
  "Sub_Category": "Socks",
  "Average_Revenue": "111.44444444444446"
}, {
  "Year": "2015",
  "Country": "Australia",
  "Sub_Category": "Cleaners",
  "Average_Revenue": "94.989247311827953"
}, {
  "Year": "2015",
  "Country": "Australia",
  "Sub_Category": "Bottles and Cages",
  "Average_Revenue": "83.330721003134769"
}, {
  "Year": "2016",
  "Country": "Australia",
  "Sub_Category": "Road Bikes",
  "Average_Revenue": "687.112676056338"
}, {
  "Year": "2016",
  "Country": "Australia",
  "Sub_Category": "Touring Bikes",
  "Average_Revenue": "671.66666666666663"
}, {
  "Year": "2016",
  "Country": "Australia",
  "Sub_Category": "Mountain Bikes",
  "Average_Revenue": "627.16666666666663"
}, {
  "Year": "2016",
  "Country": "Australia",
  "Sub_Category": "Bike Racks",
  "Average_Revenue": "551.11999999999989"
}, {
  "Year": "2016",
  "Country": "Australia",
  "Sub_Category": "Vests",
  "Average_Revenue": "508.81818181818187"
}, {
  "Year": "2016",
  "Country": "Australia",
  "Sub_Category": "Hydration Packs",
  "Average_Revenue": "503.5512820512821"
}, {
  "Year": "2016",
  "Country": "Australia",
  "Sub_Category": "Jerseys",
  "Average_Revenue": "471.91941391941373"
}, {
  "Year": "2016",
  "Country": "Australia",
  "Sub_Category": "Bike Stands",
  "Average_Revenue": "470.38888888888886"
}, {
  "Year": "2016",
  "Country": "Australia",
  "Sub_Category": "Helmets",
  "Average_Revenue": "425.5858895705519"
}, {
  "Year": "2016",
  "Country": "Australia",
  "Sub_Category": "Shorts",
  "Average_Revenue": "413.97560975609741"
}, {
  "Year": "2016",
  "Country": "Australia",
  "Sub_Category": "Gloves",
  "Average_Revenue": "277.28834355828224"
}, {
  "Year": "2016",
  "Country": "Australia",
  "Sub_Category": "Fenders",
  "Average_Revenue": "266.39080459770128"
}, {
  "Year": "2016",
  "Country": "Australia",
  "Sub_Category": "Socks",
  "Average_Revenue": "131.10344827586206"
}, {
  "Year": "2016",
  "Country": "Australia",
  "Sub_Category": "Tires and Tubes",
  "Average_Revenue": "128.1265193370165"
}, {
  "Year": "2016",
  "Country": "Australia",
  "Sub_Category": "Cleaners",
  "Average_Revenue": "113.13114754098359"
}, {
  "Year": "2016",
  "Country": "Australia",
  "Sub_Category": "Caps",
  "Average_Revenue": "112.05138339920951"
}, {
  "Year": "2016",
  "Country": "Australia",
  "Sub_Category": "Bottles and Cages",
  "Average_Revenue": "81.585258525852623"
}, {
  "Year": "2011",
  "Country": "Canada",
  "Sub_Category": "Road Bikes",
  "Average_Revenue": "597.0967741935483"
}, {
  "Year": "2011",
  "Country": "Canada",
  "Sub_Category": "Mountain Bikes",
  "Average_Revenue": "535.0"
}, {
  "Year": "2013",
  "Country": "Canada",
  "Sub_Category": "Touring Bikes",
  "Average_Revenue": "735.0"
}, {
  "Year": "2013",
  "Country": "Canada",
  "Sub_Category": "Vests",
  "Average_Revenue": "657.37499999999989"
}, {
  "Year": "2013",
  "Country": "Canada",
  "Sub_Category": "Mountain Bikes",
  "Average_Revenue": "639.40000000000009"
}, {
  "Year": "2013",
  "Country": "Canada",
  "Sub_Category": "Road Bikes",
  "Average_Revenue": "619.0"
}, {
  "Year": "2013",
  "Country": "Canada",
  "Sub_Category": "Bike Stands",
  "Average_Revenue": "590.125"
}, {
  "Year": "2013",
  "Country": "Canada",
  "Sub_Category": "Jerseys",
  "Average_Revenue": "572.03738317757029"
}, {
  "Year": "2013",
  "Country": "Canada",
  "Sub_Category": "Hydration Packs",
  "Average_Revenue": "544.43333333333328"
}, {
  "Year": "2013",
  "Country": "Canada",
  "Sub_Category": "Bike Racks",
  "Average_Revenue": "543.38095238095241"
}, {
  "Year": "2013",
  "Country": "Canada",
  "Sub_Category": "Helmets",
  "Average_Revenue": "513.119047619048"
}, {
  "Year": "2013",
  "Country": "Canada",
  "Sub_Category": "Shorts",
  "Average_Revenue": "507.67500000000007"
}, {
  "Year": "2013",
  "Country": "Canada",
  "Sub_Category": "Fenders",
  "Average_Revenue": "364.57865168539325"
}, {
  "Year": "2013",
  "Country": "Canada",
  "Sub_Category": "Gloves",
  "Average_Revenue": "330.33628318584084"
}, {
  "Year": "2013",
  "Country": "Canada",
  "Sub_Category": "Socks",
  "Average_Revenue": "163.9473684210526"
}, {
  "Year": "2013",
  "Country": "Canada",
  "Sub_Category": "Tires and Tubes",
  "Average_Revenue": "142.44434550311698"
}, {
  "Year": "2013",
  "Country": "Canada",
  "Sub_Category": "Caps",
  "Average_Revenue": "140.13953488372096"
}, {
  "Year": "2013",
  "Country": "Canada",
  "Sub_Category": "Cleaners",
  "Average_Revenue": "107.1578947368421"
}, {
  "Year": "2013",
  "Country": "Canada",
  "Sub_Category": "Bottles and Cages",
  "Average_Revenue": "94.37813211845102"
}, {
  "Year": "2014",
  "Country": "Canada",
  "Sub_Category": "Touring Bikes",
  "Average_Revenue": "735.0"
}, {
  "Year": "2014",
  "Country": "Canada",
  "Sub_Category": "Mountain Bikes",
  "Average_Revenue": "631.65306122448976"
}, {
  "Year": "2014",
  "Country": "Canada",
  "Sub_Category": "Bike Racks",
  "Average_Revenue": "616.8125"
}, {
  "Year": "2014",
  "Country": "Canada",
  "Sub_Category": "Road Bikes",
  "Average_Revenue": "615.0"
}, {
  "Year": "2014",
  "Country": "Canada",
  "Sub_Category": "Hydration Packs",
  "Average_Revenue": "536.94444444444446"
}, {
  "Year": "2014",
  "Country": "Canada",
  "Sub_Category": "Vests",
  "Average_Revenue": "527.32258064516134"
}, {
  "Year": "2014",
  "Country": "Canada",
  "Sub_Category": "Helmets",
  "Average_Revenue": "507.73138297872333"
}, {
  "Year": "2014",
  "Country": "Canada",
  "Sub_Category": "Jerseys",
  "Average_Revenue": "487.45454545454567"
}, {
  "Year": "2014",
  "Country": "Canada",
  "Sub_Category": "Shorts",
  "Average_Revenue": "482.00000000000006"
}, {
  "Year": "2014",
  "Country": "Canada",
  "Sub_Category": "Bike Stands",
  "Average_Revenue": "354.0"
}, {
  "Year": "2014",
  "Country": "Canada",
  "Sub_Category": "Gloves",
  "Average_Revenue": "347.45378151260508"
}, {
  "Year": "2014",
  "Country": "Canada",
  "Sub_Category": "Fenders",
  "Average_Revenue": "336.25888324873097"
}, {
  "Year": "2014",
  "Country": "Canada",
  "Sub_Category": "Tires and Tubes",
  "Average_Revenue": "142.72149274360746"
}, {
  "Year": "2014",
  "Country": "Canada",
  "Sub_Category": "Caps",
  "Average_Revenue": "138.96753246753246"
}, {
  "Year": "2014",
  "Country": "Canada",
  "Sub_Category": "Socks",
  "Average_Revenue": "138.10869565217391"
}, {
  "Year": "2014",
  "Country": "Canada",
  "Sub_Category": "Cleaners",
  "Average_Revenue": "114.64285714285714"
}, {
  "Year": "2014",
  "Country": "Canada",
  "Sub_Category": "Bottles and Cages",
  "Average_Revenue": "94.333876221498457"
}, {
  "Year": "2015",
  "Country": "Canada",
  "Sub_Category": "Touring Bikes",
  "Average_Revenue": "735.0"
}, {
  "Year": "2015",
  "Country": "Canada",
  "Sub_Category": "Vests",
  "Average_Revenue": "645.5625"
}, {
  "Year": "2015",
  "Country": "Canada",
  "Sub_Category": "Mountain Bikes",
  "Average_Revenue": "613.17391304347814"
}, {
  "Year": "2015",
  "Country": "Canada",
  "Sub_Category": "Road Bikes",
  "Average_Revenue": "599.0"
}, {
  "Year": "2015",
  "Country": "Canada",
  "Sub_Category": "Hydration Packs",
  "Average_Revenue": "564.90625"
}, {
  "Year": "2015",
  "Country": "Canada",
  "Sub_Category": "Jerseys",
  "Average_Revenue": "554.32727272727254"
}, {
  "Year": "2015",
  "Country": "Canada",
  "Sub_Category": "Bike Racks",
  "Average_Revenue": "518.77272727272725"
}, {
  "Year": "2015",
  "Country": "Canada",
  "Sub_Category": "Helmets",
  "Average_Revenue": "486.54407294832805"
}, {
  "Year": "2015",
  "Country": "Canada",
  "Sub_Category": "Shorts",
  "Average_Revenue": "474.09090909090907"
}, {
  "Year": "2015",
  "Country": "Canada",
  "Sub_Category": "Bike Stands",
  "Average_Revenue": "472.0"
}, {
  "Year": "2015",
  "Country": "Canada",
  "Sub_Category": "Fenders",
  "Average_Revenue": "357.51685393258424"
}, {
  "Year": "2015",
  "Country": "Canada",
  "Sub_Category": "Gloves",
  "Average_Revenue": "318.16814159292045"
}, {
  "Year": "2015",
  "Country": "Canada",
  "Sub_Category": "Socks",
  "Average_Revenue": "158.9473684210526"
}, {
  "Year": "2015",
  "Country": "Canada",
  "Sub_Category": "Caps",
  "Average_Revenue": "136.38372093023261"
}, {
  "Year": "2015",
  "Country": "Canada",
  "Sub_Category": "Tires and Tubes",
  "Average_Revenue": "135.94628469113692"
}, {
  "Year": "2015",
  "Country": "Canada",
  "Sub_Category": "Cleaners",
  "Average_Revenue": "103.17543859649122"
}, {
  "Year": "2015",
  "Country": "Canada",
  "Sub_Category": "Bottles and Cages",
  "Average_Revenue": "92.441176470588218"
}, {
  "Year": "2016",
  "Country": "Canada",
  "Sub_Category": "Touring Bikes",
  "Average_Revenue": "735.0"
}, {
  "Year": "2016",
  "Country": "Canada",
  "Sub_Category": "Road Bikes",
  "Average_Revenue": "679.0"
}, {
  "Year": "2016",
  "Country": "Canada",
  "Sub_Category": "Mountain Bikes",
  "Average_Revenue": "629.8648648648649"
}, {
  "Year": "2016",
  "Country": "Canada",
  "Sub_Category": "Bike Racks",
  "Average_Revenue": "507.40000000000003"
}, {
  "Year": "2016",
  "Country": "Canada",
  "Sub_Category": "Helmets",
  "Average_Revenue": "492.47721179624642"
}, {
  "Year": "2016",
  "Country": "Canada",
  "Sub_Category": "Hydration Packs",
  "Average_Revenue": "486.94285714285706"
}, {
  "Year": "2016",
  "Country": "Canada",
  "Sub_Category": "Jerseys",
  "Average_Revenue": "485.13698630136986"
}, {
  "Year": "2016",
  "Country": "Canada",
  "Sub_Category": "Vests",
  "Average_Revenue": "479.40000000000003"
}, {
  "Year": "2016",
  "Country": "Canada",
  "Sub_Category": "Shorts",
  "Average_Revenue": "417.49999999999983"
}, {
  "Year": "2016",
  "Country": "Canada",
  "Sub_Category": "Gloves",
  "Average_Revenue": "335.89915966386536"
}, {
  "Year": "2016",
  "Country": "Canada",
  "Sub_Category": "Bike Stands",
  "Average_Revenue": "334.25000000000006"
}, {
  "Year": "2016",
  "Country": "Canada",
  "Sub_Category": "Fenders",
  "Average_Revenue": "327.06598984771585"
}, {
  "Year": "2016",
  "Country": "Canada",
  "Sub_Category": "Tires and Tubes",
  "Average_Revenue": "138.25242718446611"
}, {
  "Year": "2016",
  "Country": "Canada",
  "Sub_Category": "Caps",
  "Average_Revenue": "136.19480519480518"
}, {
  "Year": "2016",
  "Country": "Canada",
  "Sub_Category": "Socks",
  "Average_Revenue": "133.30434782608697"
}, {
  "Year": "2016",
  "Country": "Canada",
  "Sub_Category": "Cleaners",
  "Average_Revenue": "109.90476190476193"
}, {
  "Year": "2016",
  "Country": "Canada",
  "Sub_Category": "Bottles and Cages",
  "Average_Revenue": "92.191176470588218"
}, {
  "Year": "2011",
  "Country": "France",
  "Sub_Category": "Road Bikes",
  "Average_Revenue": "719.12"
}, {
  "Year": "2012",
  "Country": "France",
  "Sub_Category": "Road Bikes",
  "Average_Revenue": "894.4"
}, {
  "Year": "2013",
  "Country": "France",
  "Sub_Category": "Vests",
  "Average_Revenue": "749.11111111111109"
}, {
  "Year": "2013",
  "Country": "France",
  "Sub_Category": "Touring Bikes",
  "Average_Revenue": "736.7037037037037"
}, {
  "Year": "2013",
  "Country": "France",
  "Sub_Category": "Road Bikes",
  "Average_Revenue": "719.08403361344585"
}, {
  "Year": "2013",
  "Country": "France",
  "Sub_Category": "Bike Stands",
  "Average_Revenue": "615.4"
}, {
  "Year": "2013",
  "Country": "France",
  "Sub_Category": "Bike Racks",
  "Average_Revenue": "604.0"
}, {
  "Year": "2013",
  "Country": "France",
  "Sub_Category": "Hydration Packs",
  "Average_Revenue": "569.818181818182"
}, {
  "Year": "2013",
  "Country": "France",
  "Sub_Category": "Mountain Bikes",
  "Average_Revenue": "544.68181818181813"
}, {
  "Year": "2013",
  "Country": "France",
  "Sub_Category": "Jerseys",
  "Average_Revenue": "500.37864077669906"
}, {
  "Year": "2013",
  "Country": "France",
  "Sub_Category": "Shorts",
  "Average_Revenue": "498.75"
}, {
  "Year": "2013",
  "Country": "France",
  "Sub_Category": "Helmets",
  "Average_Revenue": "482.81249999999994"
}, {
  "Year": "2013",
  "Country": "France",
  "Sub_Category": "Gloves",
  "Average_Revenue": "326.12765957446811"
}, {
  "Year": "2013",
  "Country": "France",
  "Sub_Category": "Fenders",
  "Average_Revenue": "307.375"
}, {
  "Year": "2013",
  "Country": "France",
  "Sub_Category": "Tires and Tubes",
  "Average_Revenue": "140.76589595375737"
}, {
  "Year": "2013",
  "Country": "France",
  "Sub_Category": "Caps",
  "Average_Revenue": "121.7755102040816"
}, {
  "Year": "2013",
  "Country": "France",
  "Sub_Category": "Cleaners",
  "Average_Revenue": "118.05263157894737"
}, {
  "Year": "2013",
  "Country": "France",
  "Sub_Category": "Socks",
  "Average_Revenue": "90.545454545454533"
}, {
  "Year": "2013",
  "Country": "France",
  "Sub_Category": "Bottles and Cages",
  "Average_Revenue": "85.208480565370948"
}, {
  "Year": "2014",
  "Country": "France",
  "Sub_Category": "Touring Bikes",
  "Average_Revenue": "745.72340425531934"
}, {
  "Year": "2014",
  "Country": "France",
  "Sub_Category": "Road Bikes",
  "Average_Revenue": "666.16964285714289"
}, {
  "Year": "2014",
  "Country": "France",
  "Sub_Category": "Vests",
  "Average_Revenue": "618.42857142857133"
}, {
  "Year": "2014",
  "Country": "France",
  "Sub_Category": "Bike Stands",
  "Average_Revenue": "593.375"
}, {
  "Year": "2014",
  "Country": "France",
  "Sub_Category": "Shorts",
  "Average_Revenue": "554.90909090909088"
}, {
  "Year": "2014",
  "Country": "France",
  "Sub_Category": "Mountain Bikes",
  "Average_Revenue": "553.4262295081968"
}, {
  "Year": "2014",
  "Country": "France",
  "Sub_Category": "Jerseys",
  "Average_Revenue": "509.08943089430886"
}, {
  "Year": "2014",
  "Country": "France",
  "Sub_Category": "Helmets",
  "Average_Revenue": "448.210268948655"
}, {
  "Year": "2014",
  "Country": "France",
  "Sub_Category": "Bike Racks",
  "Average_Revenue": "438.16666666666663"
}, {
  "Year": "2014",
  "Country": "France",
  "Sub_Category": "Hydration Packs",
  "Average_Revenue": "416.27777777777777"
}, {
  "Year": "2014",
  "Country": "France",
  "Sub_Category": "Gloves",
  "Average_Revenue": "323.51851851851853"
}, {
  "Year": "2014",
  "Country": "France",
  "Sub_Category": "Fenders",
  "Average_Revenue": "304.4677419354839"
}, {
  "Year": "2014",
  "Country": "France",
  "Sub_Category": "Socks",
  "Average_Revenue": "134.57142857142858"
}, {
  "Year": "2014",
  "Country": "France",
  "Sub_Category": "Tires and Tubes",
  "Average_Revenue": "127.84712755598818"
}, {
  "Year": "2014",
  "Country": "France",
  "Sub_Category": "Caps",
  "Average_Revenue": "117.53237410071942"
}, {
  "Year": "2014",
  "Country": "France",
  "Sub_Category": "Cleaners",
  "Average_Revenue": "98.242424242424249"
}, {
  "Year": "2014",
  "Country": "France",
  "Sub_Category": "Bottles and Cages",
  "Average_Revenue": "86.109974424552419"
}, {
  "Year": "2015",
  "Country": "France",
  "Sub_Category": "Road Bikes",
  "Average_Revenue": "768.14606741573039"
}, {
  "Year": "2015",
  "Country": "France",
  "Sub_Category": "Touring Bikes",
  "Average_Revenue": "750.07142857142867"
}, {
  "Year": "2015",
  "Country": "France",
  "Sub_Category": "Vests",
  "Average_Revenue": "675.33333333333337"
}, {
  "Year": "2015",
  "Country": "France",
  "Sub_Category": "Mountain Bikes",
  "Average_Revenue": "621.85294117647049"
}, {
  "Year": "2015",
  "Country": "France",
  "Sub_Category": "Bike Racks",
  "Average_Revenue": "553.83333333333337"
}, {
  "Year": "2015",
  "Country": "France",
  "Sub_Category": "Hydration Packs",
  "Average_Revenue": "534.22727272727263"
}, {
  "Year": "2015",
  "Country": "France",
  "Sub_Category": "Shorts",
  "Average_Revenue": "507.52941176470586"
}, {
  "Year": "2015",
  "Country": "France",
  "Sub_Category": "Jerseys",
  "Average_Revenue": "488.49038461538453"
}, {
  "Year": "2015",
  "Country": "France",
  "Sub_Category": "Helmets",
  "Average_Revenue": "465.42187500000006"
}, {
  "Year": "2015",
  "Country": "France",
  "Sub_Category": "Bike Stands",
  "Average_Revenue": "413.4"
}, {
  "Year": "2015",
  "Country": "France",
  "Sub_Category": "Gloves",
  "Average_Revenue": "314.61702127659566"
}, {
  "Year": "2015",
  "Country": "France",
  "Sub_Category": "Fenders",
  "Average_Revenue": "299.77499999999986"
}, {
  "Year": "2015",
  "Country": "France",
  "Sub_Category": "Tires and Tubes",
  "Average_Revenue": "135.50578034682124"
}, {
  "Year": "2015",
  "Country": "France",
  "Sub_Category": "Caps",
  "Average_Revenue": "117.53061224489797"
}, {
  "Year": "2015",
  "Country": "France",
  "Sub_Category": "Cleaners",
  "Average_Revenue": "115.99999999999999"
}, {
  "Year": "2015",
  "Country": "France",
  "Sub_Category": "Bottles and Cages",
  "Average_Revenue": "83.77700348432063"
}, {
  "Year": "2015",
  "Country": "France",
  "Sub_Category": "Socks",
  "Average_Revenue": "79.636363636363626"
}, {
  "Year": "2016",
  "Country": "France",
  "Sub_Category": "Touring Bikes",
  "Average_Revenue": "753.32"
}, {
  "Year": "2016",
  "Country": "France",
  "Sub_Category": "Road Bikes",
  "Average_Revenue": "685.13793103448279"
}, {
  "Year": "2016",
  "Country": "France",
  "Sub_Category": "Vests",
  "Average_Revenue": "599.19999999999993"
}, {
  "Year": "2016",
  "Country": "France",
  "Sub_Category": "Mountain Bikes",
  "Average_Revenue": "589.09756097560967"
}, {
  "Year": "2016",
  "Country": "France",
  "Sub_Category": "Shorts",
  "Average_Revenue": "553.45454545454538"
}, {
  "Year": "2016",
  "Country": "France",
  "Sub_Category": "Jerseys",
  "Average_Revenue": "507.03149606299218"
}, {
  "Year": "2016",
  "Country": "France",
  "Sub_Category": "Bike Stands",
  "Average_Revenue": "455.875"
}, {
  "Year": "2016",
  "Country": "France",
  "Sub_Category": "Hydration Packs",
  "Average_Revenue": "454.70000000000005"
}, {
  "Year": "2016",
  "Country": "France",
  "Sub_Category": "Bike Racks",
  "Average_Revenue": "444.53846153846155"
}, {
  "Year": "2016",
  "Country": "France",
  "Sub_Category": "Helmets",
  "Average_Revenue": "428.47794117647021"
}, {
  "Year": "2016",
  "Country": "France",
  "Sub_Category": "Gloves",
  "Average_Revenue": "315.25925925925924"
}, {
  "Year": "2016",
  "Country": "France",
  "Sub_Category": "Fenders",
  "Average_Revenue": "300.69354838709688"
}, {
  "Year": "2016",
  "Country": "France",
  "Sub_Category": "Tires and Tubes",
  "Average_Revenue": "123.23114593535769"
}, {
  "Year": "2016",
  "Country": "France",
  "Sub_Category": "Socks",
  "Average_Revenue": "121.38095238095239"
}, {
  "Year": "2016",
  "Country": "France",
  "Sub_Category": "Caps",
  "Average_Revenue": "113.82014388489209"
}, {
  "Year": "2016",
  "Country": "France",
  "Sub_Category": "Cleaners",
  "Average_Revenue": "92.72727272727272"
}, {
  "Year": "2016",
  "Country": "France",
  "Sub_Category": "Bottles and Cages",
  "Average_Revenue": "83.399999999999991"
}, {
  "Year": "2011",
  "Country": "Germany",
  "Sub_Category": "Road Bikes",
  "Average_Revenue": "650.64516129032256"
}, {
  "Year": "2011",
  "Country": "Germany",
  "Sub_Category": "Mountain Bikes",
  "Average_Revenue": "556.0"
}, {
  "Year": "2012",
  "Country": "Germany",
  "Sub_Category": "Road Bikes",
  "Average_Revenue": "955.125"
}, {
  "Year": "2012",
  "Country": "Germany",
  "Sub_Category": "Mountain Bikes",
  "Average_Revenue": "913.0"
}, {
  "Year": "2013",
  "Country": "Germany",
  "Sub_Category": "Vests",
  "Average_Revenue": "752.71428571428567"
}, {
  "Year": "2013",
  "Country": "Germany",
  "Sub_Category": "Touring Bikes",
  "Average_Revenue": "688.61702127659578"
}, {
  "Year": "2013",
  "Country": "Germany",
  "Sub_Category": "Road Bikes",
  "Average_Revenue": "637.01980198019839"
}, {
  "Year": "2013",
  "Country": "Germany",
  "Sub_Category": "Bike Stands",
  "Average_Revenue": "618.66666666666674"
}, {
  "Year": "2013",
  "Country": "Germany",
  "Sub_Category": "Mountain Bikes",
  "Average_Revenue": "611.611111111111"
}, {
  "Year": "2013",
  "Country": "Germany",
  "Sub_Category": "Hydration Packs",
  "Average_Revenue": "564.53846153846132"
}, {
  "Year": "2013",
  "Country": "Germany",
  "Sub_Category": "Helmets",
  "Average_Revenue": "479.57875457875446"
}, {
  "Year": "2013",
  "Country": "Germany",
  "Sub_Category": "Jerseys",
  "Average_Revenue": "477.77777777777783"
}, {
  "Year": "2013",
  "Country": "Germany",
  "Sub_Category": "Bike Racks",
  "Average_Revenue": "439.14285714285711"
}, {
  "Year": "2013",
  "Country": "Germany",
  "Sub_Category": "Gloves",
  "Average_Revenue": "339.85714285714283"
}, {
  "Year": "2013",
  "Country": "Germany",
  "Sub_Category": "Fenders",
  "Average_Revenue": "298.43750000000006"
}, {
  "Year": "2013",
  "Country": "Germany",
  "Sub_Category": "Tires and Tubes",
  "Average_Revenue": "165.39933444259583"
}, {
  "Year": "2013",
  "Country": "Germany",
  "Sub_Category": "Caps",
  "Average_Revenue": "125.14018691588787"
}, {
  "Year": "2013",
  "Country": "Germany",
  "Sub_Category": "Cleaners",
  "Average_Revenue": "117.2"
}, {
  "Year": "2013",
  "Country": "Germany",
  "Sub_Category": "Socks",
  "Average_Revenue": "114.41666666666667"
}, {
  "Year": "2013",
  "Country": "Germany",
  "Sub_Category": "Bottles and Cages",
  "Average_Revenue": "95.572307692307646"
}, {
  "Year": "2014",
  "Country": "Germany",
  "Sub_Category": "Touring Bikes",
  "Average_Revenue": "719.68749999999977"
}, {
  "Year": "2014",
  "Country": "Germany",
  "Sub_Category": "Road Bikes",
  "Average_Revenue": "652.13392857142867"
}, {
  "Year": "2014",
  "Country": "Germany",
  "Sub_Category": "Mountain Bikes",
  "Average_Revenue": "599.14285714285711"
}, {
  "Year": "2014",
  "Country": "Germany",
  "Sub_Category": "Bike Stands",
  "Average_Revenue": "586.33333333333337"
}, {
  "Year": "2014",
  "Country": "Germany",
  "Sub_Category": "Vests",
  "Average_Revenue": "574.06666666666661"
}, {
  "Year": "2014",
  "Country": "Germany",
  "Sub_Category": "Hydration Packs",
  "Average_Revenue": "565.86666666666656"
}, {
  "Year": "2014",
  "Country": "Germany",
  "Sub_Category": "Jerseys",
  "Average_Revenue": "551.36434108527112"
}, {
  "Year": "2014",
  "Country": "Germany",
  "Sub_Category": "Bike Racks",
  "Average_Revenue": "530.44444444444446"
}, {
  "Year": "2014",
  "Country": "Germany",
  "Sub_Category": "Helmets",
  "Average_Revenue": "502.3895781637716"
}, {
  "Year": "2014",
  "Country": "Germany",
  "Sub_Category": "Shorts",
  "Average_Revenue": "451.0"
}, {
  "Year": "2014",
  "Country": "Germany",
  "Sub_Category": "Gloves",
  "Average_Revenue": "332.01886792452825"
}, {
  "Year": "2014",
  "Country": "Germany",
  "Sub_Category": "Fenders",
  "Average_Revenue": "287.80412371134014"
}, {
  "Year": "2014",
  "Country": "Germany",
  "Sub_Category": "Tires and Tubes",
  "Average_Revenue": "166.37458563535904"
}, {
  "Year": "2014",
  "Country": "Germany",
  "Sub_Category": "Socks",
  "Average_Revenue": "155.30434782608697"
}, {
  "Year": "2014",
  "Country": "Germany",
  "Sub_Category": "Caps",
  "Average_Revenue": "124.46470588235294"
}, {
  "Year": "2014",
  "Country": "Germany",
  "Sub_Category": "Cleaners",
  "Average_Revenue": "104.10256410256407"
}, {
  "Year": "2014",
  "Country": "Germany",
  "Sub_Category": "Bottles and Cages",
  "Average_Revenue": "94.959999999999951"
}, {
  "Year": "2015",
  "Country": "Germany",
  "Sub_Category": "Touring Bikes",
  "Average_Revenue": "712.96875"
}, {
  "Year": "2015",
  "Country": "Germany",
  "Sub_Category": "Mountain Bikes",
  "Average_Revenue": "676.08333333333326"
}, {
  "Year": "2015",
  "Country": "Germany",
  "Sub_Category": "Vests",
  "Average_Revenue": "674.5"
}, {
  "Year": "2015",
  "Country": "Germany",
  "Sub_Category": "Road Bikes",
  "Average_Revenue": "659.86666666666622"
}, {
  "Year": "2015",
  "Country": "Germany",
  "Sub_Category": "Bike Stands",
  "Average_Revenue": "599.5"
}, {
  "Year": "2015",
  "Country": "Germany",
  "Sub_Category": "Hydration Packs",
  "Average_Revenue": "520.61538461538453"
}, {
  "Year": "2015",
  "Country": "Germany",
  "Sub_Category": "Helmets",
  "Average_Revenue": "463.466911764706"
}, {
  "Year": "2015",
  "Country": "Germany",
  "Sub_Category": "Jerseys",
  "Average_Revenue": "433.84374999999994"
}, {
  "Year": "2015",
  "Country": "Germany",
  "Sub_Category": "Bike Racks",
  "Average_Revenue": "404.14285714285717"
}, {
  "Year": "2015",
  "Country": "Germany",
  "Sub_Category": "Gloves",
  "Average_Revenue": "337.23809523809513"
}, {
  "Year": "2015",
  "Country": "Germany",
  "Sub_Category": "Fenders",
  "Average_Revenue": "289.24999999999994"
}, {
  "Year": "2015",
  "Country": "Germany",
  "Sub_Category": "Tires and Tubes",
  "Average_Revenue": "162.47682119205294"
}, {
  "Year": "2015",
  "Country": "Germany",
  "Sub_Category": "Caps",
  "Average_Revenue": "121.00000000000004"
}, {
  "Year": "2015",
  "Country": "Germany",
  "Sub_Category": "Cleaners",
  "Average_Revenue": "111.51999999999998"
}, {
  "Year": "2015",
  "Country": "Germany",
  "Sub_Category": "Socks",
  "Average_Revenue": "106.5"
}, {
  "Year": "2015",
  "Country": "Germany",
  "Sub_Category": "Bottles and Cages",
  "Average_Revenue": "92.589341692789958"
}, {
  "Year": "2016",
  "Country": "Germany",
  "Sub_Category": "Touring Bikes",
  "Average_Revenue": "725.97777777777776"
}, {
  "Year": "2016",
  "Country": "Germany",
  "Sub_Category": "Road Bikes",
  "Average_Revenue": "670.30769230769215"
}, {
  "Year": "2016",
  "Country": "Germany",
  "Sub_Category": "Mountain Bikes",
  "Average_Revenue": "648.69491525423734"
}, {
  "Year": "2016",
  "Country": "Germany",
  "Sub_Category": "Vests",
  "Average_Revenue": "599.5"
}, {
  "Year": "2016",
  "Country": "Germany",
  "Sub_Category": "Jerseys",
  "Average_Revenue": "551.05223880596964"
}, {
  "Year": "2016",
  "Country": "Germany",
  "Sub_Category": "Hydration Packs",
  "Average_Revenue": "547.06666666666661"
}, {
  "Year": "2016",
  "Country": "Germany",
  "Sub_Category": "Shorts",
  "Average_Revenue": "494.33333333333337"
}, {
  "Year": "2016",
  "Country": "Germany",
  "Sub_Category": "Helmets",
  "Average_Revenue": "487.48883374689831"
}, {
  "Year": "2016",
  "Country": "Germany",
  "Sub_Category": "Bike Stands",
  "Average_Revenue": "470.55555555555554"
}, {
  "Year": "2016",
  "Country": "Germany",
  "Sub_Category": "Bike Racks",
  "Average_Revenue": "423.24999999999994"
}, {
  "Year": "2016",
  "Country": "Germany",
  "Sub_Category": "Gloves",
  "Average_Revenue": "327.11320754716985"
}, {
  "Year": "2016",
  "Country": "Germany",
  "Sub_Category": "Fenders",
  "Average_Revenue": "277.86597938144337"
}, {
  "Year": "2016",
  "Country": "Germany",
  "Sub_Category": "Tires and Tubes",
  "Average_Revenue": "160.04856512141271"
}, {
  "Year": "2016",
  "Country": "Germany",
  "Sub_Category": "Socks",
  "Average_Revenue": "158.52173913043478"
}, {
  "Year": "2016",
  "Country": "Germany",
  "Sub_Category": "Caps",
  "Average_Revenue": "120.24117647058819"
}, {
  "Year": "2016",
  "Country": "Germany",
  "Sub_Category": "Cleaners",
  "Average_Revenue": "100.15384615384613"
}, {
  "Year": "2016",
  "Country": "Germany",
  "Sub_Category": "Bottles and Cages",
  "Average_Revenue": "93.122931442080358"
}, {
  "Year": "2011",
  "Country": "United Kingdom",
  "Sub_Category": "Mountain Bikes",
  "Average_Revenue": "650.0"
}, {
  "Year": "2011",
  "Country": "United Kingdom",
  "Sub_Category": "Road Bikes",
  "Average_Revenue": "566.41379310344826"
}, {
  "Year": "2013",
  "Country": "United Kingdom",
  "Sub_Category": "Touring Bikes",
  "Average_Revenue": "712.0"
}, {
  "Year": "2013",
  "Country": "United Kingdom",
  "Sub_Category": "Mountain Bikes",
  "Average_Revenue": "672.7222222222224"
}, {
  "Year": "2013",
  "Country": "United Kingdom",
  "Sub_Category": "Hydration Packs",
  "Average_Revenue": "611.58333333333326"
}, {
  "Year": "2013",
  "Country": "United Kingdom",
  "Sub_Category": "Road Bikes",
  "Average_Revenue": "573.55395683453219"
}, {
  "Year": "2013",
  "Country": "United Kingdom",
  "Sub_Category": "Bike Racks",
  "Average_Revenue": "553.0"
}, {
  "Year": "2013",
  "Country": "United Kingdom",
  "Sub_Category": "Jerseys",
  "Average_Revenue": "532.23008849557561"
}, {
  "Year": "2013",
  "Country": "United Kingdom",
  "Sub_Category": "Helmets",
  "Average_Revenue": "523.97701149425245"
}, {
  "Year": "2013",
  "Country": "United Kingdom",
  "Sub_Category": "Vests",
  "Average_Revenue": "478.0"
}, {
  "Year": "2013",
  "Country": "United Kingdom",
  "Sub_Category": "Bike Stands",
  "Average_Revenue": "424.11111111111109"
}, {
  "Year": "2013",
  "Country": "United Kingdom",
  "Sub_Category": "Gloves",
  "Average_Revenue": "376.03773584905656"
}, {
  "Year": "2013",
  "Country": "United Kingdom",
  "Sub_Category": "Shorts",
  "Average_Revenue": "372.07692307692309"
}, {
  "Year": "2013",
  "Country": "United Kingdom",
  "Sub_Category": "Fenders",
  "Average_Revenue": "341.44827586206895"
}, {
  "Year": "2013",
  "Country": "United Kingdom",
  "Sub_Category": "Tires and Tubes",
  "Average_Revenue": "138.78801843317973"
}, {
  "Year": "2013",
  "Country": "United Kingdom",
  "Sub_Category": "Socks",
  "Average_Revenue": "137.85185185185185"
}, {
  "Year": "2013",
  "Country": "United Kingdom",
  "Sub_Category": "Caps",
  "Average_Revenue": "135.85034013605448"
}, {
  "Year": "2013",
  "Country": "United Kingdom",
  "Sub_Category": "Cleaners",
  "Average_Revenue": "127.38235294117646"
}, {
  "Year": "2013",
  "Country": "United Kingdom",
  "Sub_Category": "Bottles and Cages",
  "Average_Revenue": "90.94358974358974"
}, {
  "Year": "2014",
  "Country": "United Kingdom",
  "Sub_Category": "Touring Bikes",
  "Average_Revenue": "712.0"
}, {
  "Year": "2014",
  "Country": "United Kingdom",
  "Sub_Category": "Mountain Bikes",
  "Average_Revenue": "660.75324675324691"
}, {
  "Year": "2014",
  "Country": "United Kingdom",
  "Sub_Category": "Bike Stands",
  "Average_Revenue": "644.44444444444446"
}, {
  "Year": "2014",
  "Country": "United Kingdom",
  "Sub_Category": "Hydration Packs",
  "Average_Revenue": "625.40625000000011"
}, {
  "Year": "2014",
  "Country": "United Kingdom",
  "Sub_Category": "Road Bikes",
  "Average_Revenue": "591.37288135593224"
}, {
  "Year": "2014",
  "Country": "United Kingdom",
  "Sub_Category": "Vests",
  "Average_Revenue": "544.80000000000018"
}, {
  "Year": "2014",
  "Country": "United Kingdom",
  "Sub_Category": "Jerseys",
  "Average_Revenue": "532.64900662251671"
}, {
  "Year": "2014",
  "Country": "United Kingdom",
  "Sub_Category": "Helmets",
  "Average_Revenue": "521.2145922746779"
}, {
  "Year": "2014",
  "Country": "United Kingdom",
  "Sub_Category": "Shorts",
  "Average_Revenue": "506.13333333333333"
}, {
  "Year": "2014",
  "Country": "United Kingdom",
  "Sub_Category": "Bike Racks",
  "Average_Revenue": "393.41666666666669"
}, {
  "Year": "2014",
  "Country": "United Kingdom",
  "Sub_Category": "Gloves",
  "Average_Revenue": "365.32467532467541"
}, {
  "Year": "2014",
  "Country": "United Kingdom",
  "Sub_Category": "Fenders",
  "Average_Revenue": "329.13953488372096"
}, {
  "Year": "2014",
  "Country": "United Kingdom",
  "Sub_Category": "Tires and Tubes",
  "Average_Revenue": "145.36644798500456"
}, {
  "Year": "2014",
  "Country": "United Kingdom",
  "Sub_Category": "Caps",
  "Average_Revenue": "137.09836065573765"
}, {
  "Year": "2014",
  "Country": "United Kingdom",
  "Sub_Category": "Socks",
  "Average_Revenue": "131.5277777777778"
}, {
  "Year": "2014",
  "Country": "United Kingdom",
  "Sub_Category": "Cleaners",
  "Average_Revenue": "122.93023255813955"
}, {
  "Year": "2014",
  "Country": "United Kingdom",
  "Sub_Category": "Bottles and Cages",
  "Average_Revenue": "91.527619047619083"
}, {
  "Year": "2015",
  "Country": "United Kingdom",
  "Sub_Category": "Touring Bikes",
  "Average_Revenue": "712.0"
}, {
  "Year": "2015",
  "Country": "United Kingdom",
  "Sub_Category": "Mountain Bikes",
  "Average_Revenue": "668.723404255319"
}, {
  "Year": "2015",
  "Country": "United Kingdom",
  "Sub_Category": "Hydration Packs",
  "Average_Revenue": "613.30769230769226"
}, {
  "Year": "2015",
  "Country": "United Kingdom",
  "Sub_Category": "Road Bikes",
  "Average_Revenue": "580.72164948453644"
}, {
  "Year": "2015",
  "Country": "United Kingdom",
  "Sub_Category": "Jerseys",
  "Average_Revenue": "515.26086956521783"
}, {
  "Year": "2015",
  "Country": "United Kingdom",
  "Sub_Category": "Helmets",
  "Average_Revenue": "495.47197640118003"
}, {
  "Year": "2015",
  "Country": "United Kingdom",
  "Sub_Category": "Vests",
  "Average_Revenue": "486.09090909090895"
}, {
  "Year": "2015",
  "Country": "United Kingdom",
  "Sub_Category": "Bike Stands",
  "Average_Revenue": "458.16666666666657"
}, {
  "Year": "2015",
  "Country": "United Kingdom",
  "Sub_Category": "Bike Racks",
  "Average_Revenue": "426.0"
}, {
  "Year": "2015",
  "Country": "United Kingdom",
  "Sub_Category": "Gloves",
  "Average_Revenue": "364.30188679245276"
}, {
  "Year": "2015",
  "Country": "United Kingdom",
  "Sub_Category": "Fenders",
  "Average_Revenue": "332.81034482758622"
}, {
  "Year": "2015",
  "Country": "United Kingdom",
  "Sub_Category": "Shorts",
  "Average_Revenue": "330.61538461538464"
}, {
  "Year": "2015",
  "Country": "United Kingdom",
  "Sub_Category": "Tires and Tubes",
  "Average_Revenue": "133.8564814814815"
}, {
  "Year": "2015",
  "Country": "United Kingdom",
  "Sub_Category": "Socks",
  "Average_Revenue": "131.88888888888889"
}, {
  "Year": "2015",
  "Country": "United Kingdom",
  "Sub_Category": "Caps",
  "Average_Revenue": "131.25850340136049"
}, {
  "Year": "2015",
  "Country": "United Kingdom",
  "Sub_Category": "Cleaners",
  "Average_Revenue": "125.20588235294119"
}, {
  "Year": "2015",
  "Country": "United Kingdom",
  "Sub_Category": "Bottles and Cages",
  "Average_Revenue": "88.686224489795947"
}, {
  "Year": "2016",
  "Country": "United Kingdom",
  "Sub_Category": "Touring Bikes",
  "Average_Revenue": "712.0"
}, {
  "Year": "2016",
  "Country": "United Kingdom",
  "Sub_Category": "Mountain Bikes",
  "Average_Revenue": "681.91666666666674"
}, {
  "Year": "2016",
  "Country": "United Kingdom",
  "Sub_Category": "Hydration Packs",
  "Average_Revenue": "613.74999999999977"
}, {
  "Year": "2016",
  "Country": "United Kingdom",
  "Sub_Category": "Bike Stands",
  "Average_Revenue": "610.7"
}, {
  "Year": "2016",
  "Country": "United Kingdom",
  "Sub_Category": "Road Bikes",
  "Average_Revenue": "587.56756756756772"
}, {
  "Year": "2016",
  "Country": "United Kingdom",
  "Sub_Category": "Vests",
  "Average_Revenue": "567.35294117647061"
}, {
  "Year": "2016",
  "Country": "United Kingdom",
  "Sub_Category": "Jerseys",
  "Average_Revenue": "512.072847682119"
}, {
  "Year": "2016",
  "Country": "United Kingdom",
  "Sub_Category": "Shorts",
  "Average_Revenue": "510.8"
}, {
  "Year": "2016",
  "Country": "United Kingdom",
  "Sub_Category": "Helmets",
  "Average_Revenue": "494.617067833698"
}, {
  "Year": "2016",
  "Country": "United Kingdom",
  "Sub_Category": "Gloves",
  "Average_Revenue": "355.45454545454544"
}, {
  "Year": "2016",
  "Country": "United Kingdom",
  "Sub_Category": "Bike Racks",
  "Average_Revenue": "345.5"
}, {
  "Year": "2016",
  "Country": "United Kingdom",
  "Sub_Category": "Fenders",
  "Average_Revenue": "316.76744186046511"
}, {
  "Year": "2016",
  "Country": "United Kingdom",
  "Sub_Category": "Tires and Tubes",
  "Average_Revenue": "142.32834424695946"
}, {
  "Year": "2016",
  "Country": "United Kingdom",
  "Sub_Category": "Caps",
  "Average_Revenue": "132.50819672131146"
}, {
  "Year": "2016",
  "Country": "United Kingdom",
  "Sub_Category": "Socks",
  "Average_Revenue": "126.0"
}, {
  "Year": "2016",
  "Country": "United Kingdom",
  "Sub_Category": "Cleaners",
  "Average_Revenue": "119.90697674418603"
}, {
  "Year": "2016",
  "Country": "United Kingdom",
  "Sub_Category": "Bottles and Cages",
  "Average_Revenue": "88.958333333333371"
}, {
  "Year": "2011",
  "Country": "United States",
  "Sub_Category": "Road Bikes",
  "Average_Revenue": "667.72307692307731"
}, {
  "Year": "2011",
  "Country": "United States",
  "Sub_Category": "Mountain Bikes",
  "Average_Revenue": "614.99999999999989"
}, {
  "Year": "2012",
  "Country": "United States",
  "Sub_Category": "Road Bikes",
  "Average_Revenue": "861.57499999999993"
}, {
  "Year": "2012",
  "Country": "United States",
  "Sub_Category": "Mountain Bikes",
  "Average_Revenue": "855.0"
}, {
  "Year": "2013",
  "Country": "United States",
  "Sub_Category": "Touring Bikes",
  "Average_Revenue": "778.6363636363634"
}, {
  "Year": "2013",
  "Country": "United States",
  "Sub_Category": "Road Bikes",
  "Average_Revenue": "635.07382550335535"
}, {
  "Year": "2013",
  "Country": "United States",
  "Sub_Category": "Bike Racks",
  "Average_Revenue": "626.66666666666652"
}, {
  "Year": "2013",
  "Country": "United States",
  "Sub_Category": "Mountain Bikes",
  "Average_Revenue": "616.14619883040939"
}, {
  "Year": "2013",
  "Country": "United States",
  "Sub_Category": "Shorts",
  "Average_Revenue": "553.6818181818179"
}, {
  "Year": "2013",
  "Country": "United States",
  "Sub_Category": "Jerseys",
  "Average_Revenue": "512.24576271186481"
}, {
  "Year": "2013",
  "Country": "United States",
  "Sub_Category": "Vests",
  "Average_Revenue": "507.79166666666669"
}, {
  "Year": "2013",
  "Country": "United States",
  "Sub_Category": "Bike Stands",
  "Average_Revenue": "487.46428571428572"
}, {
  "Year": "2013",
  "Country": "United States",
  "Sub_Category": "Hydration Packs",
  "Average_Revenue": "485.92"
}, {
  "Year": "2013",
  "Country": "United States",
  "Sub_Category": "Helmets",
  "Average_Revenue": "479.38248337028773"
}, {
  "Year": "2013",
  "Country": "United States",
  "Sub_Category": "Gloves",
  "Average_Revenue": "343.23500000000007"
}, {
  "Year": "2013",
  "Country": "United States",
  "Sub_Category": "Fenders",
  "Average_Revenue": "311.58808933002496"
}, {
  "Year": "2013",
  "Country": "United States",
  "Sub_Category": "Tires and Tubes",
  "Average_Revenue": "140.65383104125735"
}, {
  "Year": "2013",
  "Country": "United States",
  "Sub_Category": "Caps",
  "Average_Revenue": "136.50359712230221"
}, {
  "Year": "2013",
  "Country": "United States",
  "Sub_Category": "Socks",
  "Average_Revenue": "127.05714285714279"
}, {
  "Year": "2013",
  "Country": "United States",
  "Sub_Category": "Cleaners",
  "Average_Revenue": "117.56129032258065"
}, {
  "Year": "2013",
  "Country": "United States",
  "Sub_Category": "Bottles and Cages",
  "Average_Revenue": "88.678787878788029"
}, {
  "Year": "2014",
  "Country": "United States",
  "Sub_Category": "Touring Bikes",
  "Average_Revenue": "703.67567567567573"
}, {
  "Year": "2014",
  "Country": "United States",
  "Sub_Category": "Bike Stands",
  "Average_Revenue": "612.61538461538453"
}, {
  "Year": "2014",
  "Country": "United States",
  "Sub_Category": "Road Bikes",
  "Average_Revenue": "605.92553191489378"
}, {
  "Year": "2014",
  "Country": "United States",
  "Sub_Category": "Mountain Bikes",
  "Average_Revenue": "591.89705882352973"
}, {
  "Year": "2014",
  "Country": "United States",
  "Sub_Category": "Hydration Packs",
  "Average_Revenue": "550.78021978022"
}, {
  "Year": "2014",
  "Country": "United States",
  "Sub_Category": "Shorts",
  "Average_Revenue": "527.41258741258753"
}, {
  "Year": "2014",
  "Country": "United States",
  "Sub_Category": "Vests",
  "Average_Revenue": "505.09230769230777"
}, {
  "Year": "2014",
  "Country": "United States",
  "Sub_Category": "Jerseys",
  "Average_Revenue": "493.82517482517505"
}, {
  "Year": "2014",
  "Country": "United States",
  "Sub_Category": "Bike Racks",
  "Average_Revenue": "488.34146341463412"
}, {
  "Year": "2014",
  "Country": "United States",
  "Sub_Category": "Helmets",
  "Average_Revenue": "458.49056603773607"
}, {
  "Year": "2014",
  "Country": "United States",
  "Sub_Category": "Gloves",
  "Average_Revenue": "336.21621621621614"
}, {
  "Year": "2014",
  "Country": "United States",
  "Sub_Category": "Fenders",
  "Average_Revenue": "306.45454545454533"
}, {
  "Year": "2014",
  "Country": "United States",
  "Sub_Category": "Tires and Tubes",
  "Average_Revenue": "133.02897657213344"
}, {
  "Year": "2014",
  "Country": "United States",
  "Sub_Category": "Socks",
  "Average_Revenue": "128.14728682170542"
}, {
  "Year": "2014",
  "Country": "United States",
  "Sub_Category": "Caps",
  "Average_Revenue": "121.07341772151908"
}, {
  "Year": "2014",
  "Country": "United States",
  "Sub_Category": "Cleaners",
  "Average_Revenue": "110.76649746192894"
}, {
  "Year": "2014",
  "Country": "United States",
  "Sub_Category": "Bottles and Cages",
  "Average_Revenue": "91.734257654534957"
}, {
  "Year": "2015",
  "Country": "United States",
  "Sub_Category": "Touring Bikes",
  "Average_Revenue": "792.45098039215691"
}, {
  "Year": "2015",
  "Country": "United States",
  "Sub_Category": "Road Bikes",
  "Average_Revenue": "641.226600985222"
}, {
  "Year": "2015",
  "Country": "United States",
  "Sub_Category": "Mountain Bikes",
  "Average_Revenue": "619.2764227642275"
}, {
  "Year": "2015",
  "Country": "United States",
  "Sub_Category": "Bike Racks",
  "Average_Revenue": "583.37777777777762"
}, {
  "Year": "2015",
  "Country": "United States",
  "Sub_Category": "Shorts",
  "Average_Revenue": "510.19999999999982"
}, {
  "Year": "2015",
  "Country": "United States",
  "Sub_Category": "Jerseys",
  "Average_Revenue": "495.39718309859154"
}, {
  "Year": "2015",
  "Country": "United States",
  "Sub_Category": "Vests",
  "Average_Revenue": "489.81632653061223"
}, {
  "Year": "2015",
  "Country": "United States",
  "Sub_Category": "Hydration Packs",
  "Average_Revenue": "483.9615384615384"
}, {
  "Year": "2015",
  "Country": "United States",
  "Sub_Category": "Helmets",
  "Average_Revenue": "461.102908277405"
}, {
  "Year": "2015",
  "Country": "United States",
  "Sub_Category": "Bike Stands",
  "Average_Revenue": "458.93548387096786"
}, {
  "Year": "2015",
  "Country": "United States",
  "Sub_Category": "Gloves",
  "Average_Revenue": "331.2"
}, {
  "Year": "2015",
  "Country": "United States",
  "Sub_Category": "Fenders",
  "Average_Revenue": "302.29528535980126"
}, {
  "Year": "2015",
  "Country": "United States",
  "Sub_Category": "Tires and Tubes",
  "Average_Revenue": "136.49148514851504"
}, {
  "Year": "2015",
  "Country": "United States",
  "Sub_Category": "Caps",
  "Average_Revenue": "132.80215827338102"
}, {
  "Year": "2015",
  "Country": "United States",
  "Sub_Category": "Socks",
  "Average_Revenue": "123.06666666666666"
}, {
  "Year": "2015",
  "Country": "United States",
  "Sub_Category": "Cleaners",
  "Average_Revenue": "113.51612903225805"
}, {
  "Year": "2015",
  "Country": "United States",
  "Sub_Category": "Bottles and Cages",
  "Average_Revenue": "86.482158398607524"
}, {
  "Year": "2016",
  "Country": "United States",
  "Sub_Category": "Touring Bikes",
  "Average_Revenue": "715.51162790697674"
}, {
  "Year": "2016",
  "Country": "United States",
  "Sub_Category": "Mountain Bikes",
  "Average_Revenue": "613.12244897959147"
}, {
  "Year": "2016",
  "Country": "United States",
  "Sub_Category": "Road Bikes",
  "Average_Revenue": "610.185714285714"
}, {
  "Year": "2016",
  "Country": "United States",
  "Sub_Category": "Shorts",
  "Average_Revenue": "513.758620689655"
}, {
  "Year": "2016",
  "Country": "United States",
  "Sub_Category": "Hydration Packs",
  "Average_Revenue": "505.01136363636368"
}, {
  "Year": "2016",
  "Country": "United States",
  "Sub_Category": "Vests",
  "Average_Revenue": "496.23076923076923"
}, {
  "Year": "2016",
  "Country": "United States",
  "Sub_Category": "Jerseys",
  "Average_Revenue": "485.1780821917809"
}, {
  "Year": "2016",
  "Country": "United States",
  "Sub_Category": "Bike Racks",
  "Average_Revenue": "451.28571428571428"
}, {
  "Year": "2016",
  "Country": "United States",
  "Sub_Category": "Helmets",
  "Average_Revenue": "437.55063291139248"
}, {
  "Year": "2016",
  "Country": "United States",
  "Sub_Category": "Bike Stands",
  "Average_Revenue": "436.87999999999994"
}, {
  "Year": "2016",
  "Country": "United States",
  "Sub_Category": "Gloves",
  "Average_Revenue": "326.99324324324328"
}, {
  "Year": "2016",
  "Country": "United States",
  "Sub_Category": "Fenders",
  "Average_Revenue": "296.00967117988375"
}, {
  "Year": "2016",
  "Country": "United States",
  "Sub_Category": "Tires and Tubes",
  "Average_Revenue": "128.21576506955165"
}, {
  "Year": "2016",
  "Country": "United States",
  "Sub_Category": "Socks",
  "Average_Revenue": "124.41085271317827"
}, {
  "Year": "2016",
  "Country": "United States",
  "Sub_Category": "Caps",
  "Average_Revenue": "118.71139240506329"
}, {
  "Year": "2016",
  "Country": "United States",
  "Sub_Category": "Cleaners",
  "Average_Revenue": "107.88324873096448"
}, {
  "Year": "2016",
  "Country": "United States",
  "Sub_Category": "Bottles and Cages",
  "Average_Revenue": "89.172553561088534"
}]