[{
  "Year": "2011",
  "Continent": "AUSTRALIA",
  "Sub_Category": "Road Bikes",
  "Average_Revenue": "718.90566037735857"
}, {
  "Year": "2011",
  "Continent": "AUSTRALIA",
  "Sub_Category": "Mountain Bikes",
  "Average_Revenue": "587.8974358974358"
}, {
  "Year": "2012",
  "Continent": "AUSTRALIA",
  "Sub_Category": "Mountain Bikes",
  "Average_Revenue": "930.138888888889"
}, {
  "Year": "2012",
  "Continent": "AUSTRALIA",
  "Sub_Category": "Road Bikes",
  "Average_Revenue": "899.98373983739828"
}, {
  "Year": "2013",
  "Continent": "AUSTRALIA",
  "Sub_Category": "Touring Bikes",
  "Average_Revenue": "745.0"
}, {
  "Year": "2013",
  "Continent": "AUSTRALIA",
  "Sub_Category": "Road Bikes",
  "Average_Revenue": "688.13580246913568"
}, {
  "Year": "2013",
  "Continent": "AUSTRALIA",
  "Sub_Category": "Mountain Bikes",
  "Average_Revenue": "602.67692307692278"
}, {
  "Year": "2013",
  "Continent": "AUSTRALIA",
  "Sub_Category": "Shorts",
  "Average_Revenue": "584.13888888888891"
}, {
  "Year": "2013",
  "Continent": "AUSTRALIA",
  "Sub_Category": "Bike Stands",
  "Average_Revenue": "576.47368421052636"
}, {
  "Year": "2013",
  "Continent": "AUSTRALIA",
  "Sub_Category": "Vests",
  "Average_Revenue": "574.047619047619"
}, {
  "Year": "2013",
  "Continent": "AUSTRALIA",
  "Sub_Category": "Hydration Packs",
  "Average_Revenue": "570.45283018867917"
}, {
  "Year": "2013",
  "Continent": "AUSTRALIA",
  "Sub_Category": "Jerseys",
  "Average_Revenue": "552.7179487179485"
}, {
  "Year": "2013",
  "Continent": "AUSTRALIA",
  "Sub_Category": "Bike Racks",
  "Average_Revenue": "549.76923076923072"
}, {
  "Year": "2013",
  "Continent": "AUSTRALIA",
  "Sub_Category": "Helmets",
  "Average_Revenue": "447.55000000000013"
}, {
  "Year": "2013",
  "Continent": "AUSTRALIA",
  "Sub_Category": "Fenders",
  "Average_Revenue": "306.52142857142849"
}, {
  "Year": "2013",
  "Continent": "AUSTRALIA",
  "Sub_Category": "Gloves",
  "Average_Revenue": "288.18253968253953"
}, {
  "Year": "2013",
  "Continent": "AUSTRALIA",
  "Sub_Category": "Tires and Tubes",
  "Average_Revenue": "134.2184684684683"
}, {
  "Year": "2013",
  "Continent": "AUSTRALIA",
  "Sub_Category": "Caps",
  "Average_Revenue": "128.84023668639048"
}, {
  "Year": "2013",
  "Continent": "AUSTRALIA",
  "Sub_Category": "Socks",
  "Average_Revenue": "113.27777777777779"
}, {
  "Year": "2013",
  "Continent": "AUSTRALIA",
  "Sub_Category": "Cleaners",
  "Average_Revenue": "96.838709677419359"
}, {
  "Year": "2013",
  "Continent": "AUSTRALIA",
  "Sub_Category": "Bottles and Cages",
  "Average_Revenue": "85.3744149765989"
}, {
  "Year": "2014",
  "Continent": "AUSTRALIA",
  "Sub_Category": "Touring Bikes",
  "Average_Revenue": "683.98969072164971"
}, {
  "Year": "2014",
  "Continent": "AUSTRALIA",
  "Sub_Category": "Road Bikes",
  "Average_Revenue": "669.13761467889924"
}, {
  "Year": "2014",
  "Continent": "AUSTRALIA",
  "Sub_Category": "Mountain Bikes",
  "Average_Revenue": "618.22916666666652"
}, {
  "Year": "2014",
  "Continent": "AUSTRALIA",
  "Sub_Category": "Bike Racks",
  "Average_Revenue": "610.16000000000008"
}, {
  "Year": "2014",
  "Continent": "AUSTRALIA",
  "Sub_Category": "Bike Stands",
  "Average_Revenue": "598.33333333333337"
}, {
  "Year": "2014",
  "Continent": "AUSTRALIA",
  "Sub_Category": "Hydration Packs",
  "Average_Revenue": "523.33333333333314"
}, {
  "Year": "2014",
  "Continent": "AUSTRALIA",
  "Sub_Category": "Vests",
  "Average_Revenue": "501.2380952380953"
}, {
  "Year": "2014",
  "Continent": "AUSTRALIA",
  "Sub_Category": "Jerseys",
  "Average_Revenue": "487.98141263940522"
}, {
  "Year": "2014",
  "Continent": "AUSTRALIA",
  "Sub_Category": "Shorts",
  "Average_Revenue": "476.11627906976747"
}, {
  "Year": "2014",
  "Continent": "AUSTRALIA",
  "Sub_Category": "Helmets",
  "Average_Revenue": "440.2780337941627"
}, {
  "Year": "2014",
  "Continent": "AUSTRALIA",
  "Sub_Category": "Gloves",
  "Average_Revenue": "285.31901840490804"
}, {
  "Year": "2014",
  "Continent": "AUSTRALIA",
  "Sub_Category": "Fenders",
  "Average_Revenue": "272.73563218390797"
}, {
  "Year": "2014",
  "Continent": "AUSTRALIA",
  "Sub_Category": "Socks",
  "Average_Revenue": "134.62068965517247"
}, {
  "Year": "2014",
  "Continent": "AUSTRALIA",
  "Sub_Category": "Tires and Tubes",
  "Average_Revenue": "132.14096185738018"
}, {
  "Year": "2014",
  "Continent": "AUSTRALIA",
  "Sub_Category": "Caps",
  "Average_Revenue": "116.84584980237162"
}, {
  "Year": "2014",
  "Continent": "AUSTRALIA",
  "Sub_Category": "Cleaners",
  "Average_Revenue": "114.54098360655738"
}, {
  "Year": "2014",
  "Continent": "AUSTRALIA",
  "Sub_Category": "Bottles and Cages",
  "Average_Revenue": "84.6247264770242"
}, {
  "Year": "2015",
  "Continent": "AUSTRALIA",
  "Sub_Category": "Touring Bikes",
  "Average_Revenue": "747.18421052631584"
}, {
  "Year": "2015",
  "Continent": "AUSTRALIA",
  "Sub_Category": "Road Bikes",
  "Average_Revenue": "703.334677419355"
}, {
  "Year": "2015",
  "Continent": "AUSTRALIA",
  "Sub_Category": "Mountain Bikes",
  "Average_Revenue": "604.39784946236557"
}, {
  "Year": "2015",
  "Continent": "AUSTRALIA",
  "Sub_Category": "Vests",
  "Average_Revenue": "576.33333333333337"
}, {
  "Year": "2015",
  "Continent": "AUSTRALIA",
  "Sub_Category": "Hydration Packs",
  "Average_Revenue": "570.21052631578937"
}, {
  "Year": "2015",
  "Continent": "AUSTRALIA",
  "Sub_Category": "Jerseys",
  "Average_Revenue": "561.109311740891"
}, {
  "Year": "2015",
  "Continent": "AUSTRALIA",
  "Sub_Category": "Shorts",
  "Average_Revenue": "552.75"
}, {
  "Year": "2015",
  "Continent": "AUSTRALIA",
  "Sub_Category": "Bike Stands",
  "Average_Revenue": "548.61904761904759"
}, {
  "Year": "2015",
  "Continent": "AUSTRALIA",
  "Sub_Category": "Bike Racks",
  "Average_Revenue": "534.71428571428578"
}, {
  "Year": "2015",
  "Continent": "AUSTRALIA",
  "Sub_Category": "Helmets",
  "Average_Revenue": "436.95393474088331"
}, {
  "Year": "2015",
  "Continent": "AUSTRALIA",
  "Sub_Category": "Fenders",
  "Average_Revenue": "299.94285714285729"
}, {
  "Year": "2015",
  "Continent": "AUSTRALIA",
  "Sub_Category": "Gloves",
  "Average_Revenue": "276.88095238095246"
}, {
  "Year": "2015",
  "Continent": "AUSTRALIA",
  "Sub_Category": "Tires and Tubes",
  "Average_Revenue": "131.79744936234047"
}, {
  "Year": "2015",
  "Continent": "AUSTRALIA",
  "Sub_Category": "Caps",
  "Average_Revenue": "125.4674556213018"
}, {
  "Year": "2015",
  "Continent": "AUSTRALIA",
  "Sub_Category": "Socks",
  "Average_Revenue": "111.44444444444446"
}, {
  "Year": "2015",
  "Continent": "AUSTRALIA",
  "Sub_Category": "Cleaners",
  "Average_Revenue": "94.989247311827953"
}, {
  "Year": "2015",
  "Continent": "AUSTRALIA",
  "Sub_Category": "Bottles and Cages",
  "Average_Revenue": "83.330721003134769"
}, {
  "Year": "2016",
  "Continent": "AUSTRALIA",
  "Sub_Category": "Road Bikes",
  "Average_Revenue": "687.112676056338"
}, {
  "Year": "2016",
  "Continent": "AUSTRALIA",
  "Sub_Category": "Touring Bikes",
  "Average_Revenue": "671.66666666666663"
}, {
  "Year": "2016",
  "Continent": "AUSTRALIA",
  "Sub_Category": "Mountain Bikes",
  "Average_Revenue": "627.16666666666663"
}, {
  "Year": "2016",
  "Continent": "AUSTRALIA",
  "Sub_Category": "Bike Racks",
  "Average_Revenue": "551.11999999999989"
}, {
  "Year": "2016",
  "Continent": "AUSTRALIA",
  "Sub_Category": "Vests",
  "Average_Revenue": "508.81818181818187"
}, {
  "Year": "2016",
  "Continent": "AUSTRALIA",
  "Sub_Category": "Hydration Packs",
  "Average_Revenue": "503.5512820512821"
}, {
  "Year": "2016",
  "Continent": "AUSTRALIA",
  "Sub_Category": "Jerseys",
  "Average_Revenue": "471.91941391941373"
}, {
  "Year": "2016",
  "Continent": "AUSTRALIA",
  "Sub_Category": "Bike Stands",
  "Average_Revenue": "470.38888888888886"
}, {
  "Year": "2016",
  "Continent": "AUSTRALIA",
  "Sub_Category": "Helmets",
  "Average_Revenue": "425.5858895705519"
}, {
  "Year": "2016",
  "Continent": "AUSTRALIA",
  "Sub_Category": "Shorts",
  "Average_Revenue": "413.97560975609741"
}, {
  "Year": "2016",
  "Continent": "AUSTRALIA",
  "Sub_Category": "Gloves",
  "Average_Revenue": "277.28834355828224"
}, {
  "Year": "2016",
  "Continent": "AUSTRALIA",
  "Sub_Category": "Fenders",
  "Average_Revenue": "266.39080459770128"
}, {
  "Year": "2016",
  "Continent": "AUSTRALIA",
  "Sub_Category": "Socks",
  "Average_Revenue": "131.10344827586206"
}, {
  "Year": "2016",
  "Continent": "AUSTRALIA",
  "Sub_Category": "Tires and Tubes",
  "Average_Revenue": "128.1265193370165"
}, {
  "Year": "2016",
  "Continent": "AUSTRALIA",
  "Sub_Category": "Cleaners",
  "Average_Revenue": "113.13114754098359"
}, {
  "Year": "2016",
  "Continent": "AUSTRALIA",
  "Sub_Category": "Caps",
  "Average_Revenue": "112.05138339920951"
}, {
  "Year": "2016",
  "Continent": "AUSTRALIA",
  "Sub_Category": "Bottles and Cages",
  "Average_Revenue": "81.585258525852623"
}, {
  "Year": "2011",
  "Continent": "EUROPE",
  "Sub_Category": "Road Bikes",
  "Average_Revenue": "642.0470588235296"
}, {
  "Year": "2011",
  "Continent": "EUROPE",
  "Sub_Category": "Mountain Bikes",
  "Average_Revenue": "623.14285714285711"
}, {
  "Year": "2012",
  "Continent": "EUROPE",
  "Sub_Category": "Road Bikes",
  "Average_Revenue": "925.74193548387109"
}, {
  "Year": "2012",
  "Continent": "EUROPE",
  "Sub_Category": "Mountain Bikes",
  "Average_Revenue": "913.0"
}, {
  "Year": "2013",
  "Continent": "EUROPE",
  "Sub_Category": "Touring Bikes",
  "Average_Revenue": "708.00000000000011"
}, {
  "Year": "2013",
  "Continent": "EUROPE",
  "Sub_Category": "Vests",
  "Average_Revenue": "652.52"
}, {
  "Year": "2013",
  "Continent": "EUROPE",
  "Sub_Category": "Road Bikes",
  "Average_Revenue": "639.649025069638"
}, {
  "Year": "2013",
  "Continent": "EUROPE",
  "Sub_Category": "Mountain Bikes",
  "Average_Revenue": "621.18421052631572"
}, {
  "Year": "2013",
  "Continent": "EUROPE",
  "Sub_Category": "Hydration Packs",
  "Average_Revenue": "579.02127659574478"
}, {
  "Year": "2013",
  "Continent": "EUROPE",
  "Sub_Category": "Bike Racks",
  "Average_Revenue": "531.6521739130435"
}, {
  "Year": "2013",
  "Continent": "EUROPE",
  "Sub_Category": "Bike Stands",
  "Average_Revenue": "530.30000000000007"
}, {
  "Year": "2013",
  "Continent": "EUROPE",
  "Sub_Category": "Jerseys",
  "Average_Revenue": "504.70158730158704"
}, {
  "Year": "2013",
  "Continent": "EUROPE",
  "Sub_Category": "Helmets",
  "Average_Revenue": "498.14025085518762"
}, {
  "Year": "2013",
  "Continent": "EUROPE",
  "Sub_Category": "Shorts",
  "Average_Revenue": "441.9655172413793"
}, {
  "Year": "2013",
  "Continent": "EUROPE",
  "Sub_Category": "Gloves",
  "Average_Revenue": "348.81690140845069"
}, {
  "Year": "2013",
  "Continent": "EUROPE",
  "Sub_Category": "Fenders",
  "Average_Revenue": "316.04320987654307"
}, {
  "Year": "2013",
  "Continent": "EUROPE",
  "Sub_Category": "Tires and Tubes",
  "Average_Revenue": "146.82230448866241"
}, {
  "Year": "2013",
  "Continent": "EUROPE",
  "Sub_Category": "Caps",
  "Average_Revenue": "128.67613636363637"
}, {
  "Year": "2013",
  "Continent": "EUROPE",
  "Sub_Category": "Cleaners",
  "Average_Revenue": "121.84615384615385"
}, {
  "Year": "2013",
  "Continent": "EUROPE",
  "Sub_Category": "Socks",
  "Average_Revenue": "121.81999999999998"
}, {
  "Year": "2013",
  "Continent": "EUROPE",
  "Sub_Category": "Bottles and Cages",
  "Average_Revenue": "90.824649298597052"
}, {
  "Year": "2014",
  "Continent": "EUROPE",
  "Sub_Category": "Touring Bikes",
  "Average_Revenue": "725.75496688741759"
}, {
  "Year": "2014",
  "Continent": "EUROPE",
  "Sub_Category": "Road Bikes",
  "Average_Revenue": "635.766081871345"
}, {
  "Year": "2014",
  "Continent": "EUROPE",
  "Sub_Category": "Bike Stands",
  "Average_Revenue": "608.61538461538476"
}, {
  "Year": "2014",
  "Continent": "EUROPE",
  "Sub_Category": "Mountain Bikes",
  "Average_Revenue": "607.95045045045038"
}, {
  "Year": "2014",
  "Continent": "EUROPE",
  "Sub_Category": "Vests",
  "Average_Revenue": "578.20454545454561"
}, {
  "Year": "2014",
  "Continent": "EUROPE",
  "Sub_Category": "Hydration Packs",
  "Average_Revenue": "553.7538461538461"
}, {
  "Year": "2014",
  "Continent": "EUROPE",
  "Sub_Category": "Jerseys",
  "Average_Revenue": "531.44913151364779"
}, {
  "Year": "2014",
  "Continent": "EUROPE",
  "Sub_Category": "Shorts",
  "Average_Revenue": "518.93103448275861"
}, {
  "Year": "2014",
  "Continent": "EUROPE",
  "Sub_Category": "Helmets",
  "Average_Revenue": "491.91471048513273"
}, {
  "Year": "2014",
  "Continent": "EUROPE",
  "Sub_Category": "Bike Racks",
  "Average_Revenue": "447.06060606060595"
}, {
  "Year": "2014",
  "Continent": "EUROPE",
  "Sub_Category": "Gloves",
  "Average_Revenue": "343.46195652173935"
}, {
  "Year": "2014",
  "Continent": "EUROPE",
  "Sub_Category": "Fenders",
  "Average_Revenue": "306.53061224489772"
}, {
  "Year": "2014",
  "Continent": "EUROPE",
  "Sub_Category": "Tires and Tubes",
  "Average_Revenue": "145.70656885628534"
}, {
  "Year": "2014",
  "Continent": "EUROPE",
  "Sub_Category": "Socks",
  "Average_Revenue": "139.16250000000005"
}, {
  "Year": "2014",
  "Continent": "EUROPE",
  "Sub_Category": "Caps",
  "Average_Revenue": "127.20528455284551"
}, {
  "Year": "2014",
  "Continent": "EUROPE",
  "Sub_Category": "Cleaners",
  "Average_Revenue": "109.46086956521735"
}, {
  "Year": "2014",
  "Continent": "EUROPE",
  "Sub_Category": "Bottles and Cages",
  "Average_Revenue": "91.035794183445262"
}, {
  "Year": "2015",
  "Continent": "EUROPE",
  "Sub_Category": "Touring Bikes",
  "Average_Revenue": "719.72602739726051"
}, {
  "Year": "2015",
  "Continent": "EUROPE",
  "Sub_Category": "Road Bikes",
  "Average_Revenue": "667.37547892720306"
}, {
  "Year": "2015",
  "Continent": "EUROPE",
  "Sub_Category": "Mountain Bikes",
  "Average_Revenue": "655.22857142857163"
}, {
  "Year": "2015",
  "Continent": "EUROPE",
  "Sub_Category": "Vests",
  "Average_Revenue": "600.74999999999989"
}, {
  "Year": "2015",
  "Continent": "EUROPE",
  "Sub_Category": "Hydration Packs",
  "Average_Revenue": "551.95833333333337"
}, {
  "Year": "2015",
  "Continent": "EUROPE",
  "Sub_Category": "Bike Stands",
  "Average_Revenue": "494.44000000000011"
}, {
  "Year": "2015",
  "Continent": "EUROPE",
  "Sub_Category": "Jerseys",
  "Average_Revenue": "481.60952380952364"
}, {
  "Year": "2015",
  "Continent": "EUROPE",
  "Sub_Category": "Helmets",
  "Average_Revenue": "476.55824682814307"
}, {
  "Year": "2015",
  "Continent": "EUROPE",
  "Sub_Category": "Bike Racks",
  "Average_Revenue": "452.69565217391306"
}, {
  "Year": "2015",
  "Continent": "EUROPE",
  "Sub_Category": "Shorts",
  "Average_Revenue": "430.86666666666667"
}, {
  "Year": "2015",
  "Continent": "EUROPE",
  "Sub_Category": "Gloves",
  "Average_Revenue": "339.85211267605638"
}, {
  "Year": "2015",
  "Continent": "EUROPE",
  "Sub_Category": "Fenders",
  "Average_Revenue": "307.44444444444446"
}, {
  "Year": "2015",
  "Continent": "EUROPE",
  "Sub_Category": "Tires and Tubes",
  "Average_Revenue": "142.3879629629632"
}, {
  "Year": "2015",
  "Continent": "EUROPE",
  "Sub_Category": "Caps",
  "Average_Revenue": "124.31818181818178"
}, {
  "Year": "2015",
  "Continent": "EUROPE",
  "Sub_Category": "Cleaners",
  "Average_Revenue": "118.57692307692307"
}, {
  "Year": "2015",
  "Continent": "EUROPE",
  "Sub_Category": "Socks",
  "Average_Revenue": "114.30000000000003"
}, {
  "Year": "2015",
  "Continent": "EUROPE",
  "Sub_Category": "Bottles and Cages",
  "Average_Revenue": "88.522044088176372"
}, {
  "Year": "2016",
  "Continent": "EUROPE",
  "Sub_Category": "Touring Bikes",
  "Average_Revenue": "728.78787878787853"
}, {
  "Year": "2016",
  "Continent": "EUROPE",
  "Sub_Category": "Road Bikes",
  "Average_Revenue": "650.08786610878724"
}, {
  "Year": "2016",
  "Continent": "EUROPE",
  "Sub_Category": "Mountain Bikes",
  "Average_Revenue": "642.95945945945948"
}, {
  "Year": "2016",
  "Continent": "EUROPE",
  "Sub_Category": "Vests",
  "Average_Revenue": "588.48"
}, {
  "Year": "2016",
  "Continent": "EUROPE",
  "Sub_Category": "Hydration Packs",
  "Average_Revenue": "551.34328358208973"
}, {
  "Year": "2016",
  "Continent": "EUROPE",
  "Sub_Category": "Shorts",
  "Average_Revenue": "525.27586206896535"
}, {
  "Year": "2016",
  "Continent": "EUROPE",
  "Sub_Category": "Jerseys",
  "Average_Revenue": "523.19660194174719"
}, {
  "Year": "2016",
  "Continent": "EUROPE",
  "Sub_Category": "Bike Stands",
  "Average_Revenue": "518.11111111111131"
}, {
  "Year": "2016",
  "Continent": "EUROPE",
  "Sub_Category": "Helmets",
  "Average_Revenue": "471.07018927444807"
}, {
  "Year": "2016",
  "Continent": "EUROPE",
  "Sub_Category": "Bike Racks",
  "Average_Revenue": "403.36363636363643"
}, {
  "Year": "2016",
  "Continent": "EUROPE",
  "Sub_Category": "Gloves",
  "Average_Revenue": "335.49456521739131"
}, {
  "Year": "2016",
  "Continent": "EUROPE",
  "Sub_Category": "Fenders",
  "Average_Revenue": "297.29795918367324"
}, {
  "Year": "2016",
  "Continent": "EUROPE",
  "Sub_Category": "Tires and Tubes",
  "Average_Revenue": "141.17890520694269"
}, {
  "Year": "2016",
  "Continent": "EUROPE",
  "Sub_Category": "Socks",
  "Average_Revenue": "134.13749999999996"
}, {
  "Year": "2016",
  "Continent": "EUROPE",
  "Sub_Category": "Caps",
  "Average_Revenue": "122.98983739837408"
}, {
  "Year": "2016",
  "Continent": "EUROPE",
  "Sub_Category": "Cleaners",
  "Average_Revenue": "105.4086956521739"
}, {
  "Year": "2016",
  "Continent": "EUROPE",
  "Sub_Category": "Bottles and Cages",
  "Average_Revenue": "88.655480984340215"
}, {
  "Year": "2011",
  "Continent": "NORTH AMERICA",
  "Sub_Category": "Road Bikes",
  "Average_Revenue": "654.12422360248388"
}, {
  "Year": "2011",
  "Continent": "NORTH AMERICA",
  "Sub_Category": "Mountain Bikes",
  "Average_Revenue": "611.190476190476"
}, {
  "Year": "2012",
  "Continent": "NORTH AMERICA",
  "Sub_Category": "Road Bikes",
  "Average_Revenue": "861.57499999999993"
}, {
  "Year": "2012",
  "Continent": "NORTH AMERICA",
  "Sub_Category": "Mountain Bikes",
  "Average_Revenue": "855.0"
}, {
  "Year": "2013",
  "Continent": "NORTH AMERICA",
  "Sub_Category": "Touring Bikes",
  "Average_Revenue": "769.28571428571433"
}, {
  "Year": "2013",
  "Continent": "NORTH AMERICA",
  "Sub_Category": "Road Bikes",
  "Average_Revenue": "634.06289308176133"
}, {
  "Year": "2013",
  "Continent": "NORTH AMERICA",
  "Sub_Category": "Mountain Bikes",
  "Average_Revenue": "620.09708737864082"
}, {
  "Year": "2013",
  "Continent": "NORTH AMERICA",
  "Sub_Category": "Bike Racks",
  "Average_Revenue": "601.31884057971013"
}, {
  "Year": "2013",
  "Continent": "NORTH AMERICA",
  "Sub_Category": "Vests",
  "Average_Revenue": "545.1875"
}, {
  "Year": "2013",
  "Continent": "NORTH AMERICA",
  "Sub_Category": "Shorts",
  "Average_Revenue": "541.4133333333333"
}, {
  "Year": "2013",
  "Continent": "NORTH AMERICA",
  "Sub_Category": "Jerseys",
  "Average_Revenue": "526.12364425162684"
}, {
  "Year": "2013",
  "Continent": "NORTH AMERICA",
  "Sub_Category": "Bike Stands",
  "Average_Revenue": "510.27777777777783"
}, {
  "Year": "2013",
  "Continent": "NORTH AMERICA",
  "Sub_Category": "Hydration Packs",
  "Average_Revenue": "502.63809523809527"
}, {
  "Year": "2013",
  "Continent": "NORTH AMERICA",
  "Sub_Category": "Helmets",
  "Average_Revenue": "488.53877221324728"
}, {
  "Year": "2013",
  "Continent": "NORTH AMERICA",
  "Sub_Category": "Gloves",
  "Average_Revenue": "338.57827476038341"
}, {
  "Year": "2013",
  "Continent": "NORTH AMERICA",
  "Sub_Category": "Fenders",
  "Average_Revenue": "327.8227194492257"
}, {
  "Year": "2013",
  "Continent": "NORTH AMERICA",
  "Sub_Category": "Tires and Tubes",
  "Average_Revenue": "141.20201744820113"
}, {
  "Year": "2013",
  "Continent": "NORTH AMERICA",
  "Sub_Category": "Caps",
  "Average_Revenue": "137.36263736263732"
}, {
  "Year": "2013",
  "Continent": "NORTH AMERICA",
  "Sub_Category": "Socks",
  "Average_Revenue": "136.86013986013978"
}, {
  "Year": "2013",
  "Continent": "NORTH AMERICA",
  "Sub_Category": "Cleaners",
  "Average_Revenue": "114.7641509433962"
}, {
  "Year": "2013",
  "Continent": "NORTH AMERICA",
  "Sub_Category": "Bottles and Cages",
  "Average_Revenue": "90.248431618569739"
}, {
  "Year": "2014",
  "Continent": "NORTH AMERICA",
  "Sub_Category": "Touring Bikes",
  "Average_Revenue": "707.72941176470567"
}, {
  "Year": "2014",
  "Continent": "NORTH AMERICA",
  "Sub_Category": "Road Bikes",
  "Average_Revenue": "606.34010152284282"
}, {
  "Year": "2014",
  "Continent": "NORTH AMERICA",
  "Sub_Category": "Mountain Bikes",
  "Average_Revenue": "602.42702702702707"
}, {
  "Year": "2014",
  "Continent": "NORTH AMERICA",
  "Sub_Category": "Bike Stands",
  "Average_Revenue": "551.7647058823527"
}, {
  "Year": "2014",
  "Continent": "NORTH AMERICA",
  "Sub_Category": "Hydration Packs",
  "Average_Revenue": "546.85826771653558"
}, {
  "Year": "2014",
  "Continent": "NORTH AMERICA",
  "Sub_Category": "Bike Racks",
  "Average_Revenue": "524.40350877193"
}, {
  "Year": "2014",
  "Continent": "NORTH AMERICA",
  "Sub_Category": "Shorts",
  "Average_Revenue": "516.54255319148945"
}, {
  "Year": "2014",
  "Continent": "NORTH AMERICA",
  "Sub_Category": "Vests",
  "Average_Revenue": "512.27083333333337"
}, {
  "Year": "2014",
  "Continent": "NORTH AMERICA",
  "Sub_Category": "Jerseys",
  "Average_Revenue": "492.23251748251789"
}, {
  "Year": "2014",
  "Continent": "NORTH AMERICA",
  "Sub_Category": "Helmets",
  "Average_Revenue": "470.92478173270615"
}, {
  "Year": "2014",
  "Continent": "NORTH AMERICA",
  "Sub_Category": "Gloves",
  "Average_Revenue": "339.43855421686754"
}, {
  "Year": "2014",
  "Continent": "NORTH AMERICA",
  "Sub_Category": "Fenders",
  "Average_Revenue": "314.67787114845947"
}, {
  "Year": "2014",
  "Continent": "NORTH AMERICA",
  "Sub_Category": "Tires and Tubes",
  "Average_Revenue": "136.01875932636969"
}, {
  "Year": "2014",
  "Continent": "NORTH AMERICA",
  "Sub_Category": "Socks",
  "Average_Revenue": "130.7657142857143"
}, {
  "Year": "2014",
  "Continent": "NORTH AMERICA",
  "Sub_Category": "Caps",
  "Average_Revenue": "126.0928961748635"
}, {
  "Year": "2014",
  "Continent": "NORTH AMERICA",
  "Sub_Category": "Cleaners",
  "Average_Revenue": "111.9252669039146"
}, {
  "Year": "2014",
  "Continent": "NORTH AMERICA",
  "Sub_Category": "Bottles and Cages",
  "Average_Revenue": "92.4149253731343"
}, {
  "Year": "2015",
  "Continent": "NORTH AMERICA",
  "Sub_Category": "Touring Bikes",
  "Average_Revenue": "781.50793650793662"
}, {
  "Year": "2015",
  "Continent": "NORTH AMERICA",
  "Sub_Category": "Road Bikes",
  "Average_Revenue": "638.32110091743152"
}, {
  "Year": "2015",
  "Continent": "NORTH AMERICA",
  "Sub_Category": "Mountain Bikes",
  "Average_Revenue": "618.31506849315144"
}, {
  "Year": "2015",
  "Continent": "NORTH AMERICA",
  "Sub_Category": "Bike Racks",
  "Average_Revenue": "562.16417910447763"
}, {
  "Year": "2015",
  "Continent": "NORTH AMERICA",
  "Sub_Category": "Vests",
  "Average_Revenue": "528.15384615384608"
}, {
  "Year": "2015",
  "Continent": "NORTH AMERICA",
  "Sub_Category": "Jerseys",
  "Average_Revenue": "509.3376344086023"
}, {
  "Year": "2015",
  "Continent": "NORTH AMERICA",
  "Sub_Category": "Hydration Packs",
  "Average_Revenue": "507.50909090909084"
}, {
  "Year": "2015",
  "Continent": "NORTH AMERICA",
  "Sub_Category": "Shorts",
  "Average_Revenue": "499.53691275167773"
}, {
  "Year": "2015",
  "Continent": "NORTH AMERICA",
  "Sub_Category": "Helmets",
  "Average_Revenue": "467.94685200327058"
}, {
  "Year": "2015",
  "Continent": "NORTH AMERICA",
  "Sub_Category": "Bike Stands",
  "Average_Revenue": "460.75000000000006"
}, {
  "Year": "2015",
  "Continent": "NORTH AMERICA",
  "Sub_Category": "Gloves",
  "Average_Revenue": "326.49520766773179"
}, {
  "Year": "2015",
  "Continent": "NORTH AMERICA",
  "Sub_Category": "Fenders",
  "Average_Revenue": "319.21342512908797"
}, {
  "Year": "2015",
  "Continent": "NORTH AMERICA",
  "Sub_Category": "Tires and Tubes",
  "Average_Revenue": "136.32427237781434"
}, {
  "Year": "2015",
  "Continent": "NORTH AMERICA",
  "Sub_Category": "Caps",
  "Average_Revenue": "133.64835164835171"
}, {
  "Year": "2015",
  "Continent": "NORTH AMERICA",
  "Sub_Category": "Socks",
  "Average_Revenue": "132.60139860139867"
}, {
  "Year": "2015",
  "Continent": "NORTH AMERICA",
  "Sub_Category": "Cleaners",
  "Average_Revenue": "110.73584905660378"
}, {
  "Year": "2015",
  "Continent": "NORTH AMERICA",
  "Sub_Category": "Bottles and Cages",
  "Average_Revenue": "88.137649277184423"
}, {
  "Year": "2016",
  "Continent": "NORTH AMERICA",
  "Sub_Category": "Touring Bikes",
  "Average_Revenue": "718.23999999999978"
}, {
  "Year": "2016",
  "Continent": "NORTH AMERICA",
  "Sub_Category": "Mountain Bikes",
  "Average_Revenue": "617.71111111111111"
}, {
  "Year": "2016",
  "Continent": "NORTH AMERICA",
  "Sub_Category": "Road Bikes",
  "Average_Revenue": "612.558620689655"
}, {
  "Year": "2016",
  "Continent": "NORTH AMERICA",
  "Sub_Category": "Hydration Packs",
  "Average_Revenue": "499.86991869918711"
}, {
  "Year": "2016",
  "Continent": "NORTH AMERICA",
  "Sub_Category": "Shorts",
  "Average_Revenue": "492.13903743315512"
}, {
  "Year": "2016",
  "Continent": "NORTH AMERICA",
  "Sub_Category": "Vests",
  "Average_Revenue": "490.9157894736843"
}, {
  "Year": "2016",
  "Continent": "NORTH AMERICA",
  "Sub_Category": "Jerseys",
  "Average_Revenue": "485.16780821917831"
}, {
  "Year": "2016",
  "Continent": "NORTH AMERICA",
  "Sub_Category": "Bike Racks",
  "Average_Revenue": "466.05263157894734"
}, {
  "Year": "2016",
  "Continent": "NORTH AMERICA",
  "Sub_Category": "Helmets",
  "Average_Revenue": "451.40297498309621"
}, {
  "Year": "2016",
  "Continent": "NORTH AMERICA",
  "Sub_Category": "Bike Stands",
  "Average_Revenue": "411.99999999999994"
}, {
  "Year": "2016",
  "Continent": "NORTH AMERICA",
  "Sub_Category": "Gloves",
  "Average_Revenue": "329.5469879518069"
}, {
  "Year": "2016",
  "Continent": "NORTH AMERICA",
  "Sub_Category": "Fenders",
  "Average_Revenue": "304.57843137254895"
}, {
  "Year": "2016",
  "Continent": "NORTH AMERICA",
  "Sub_Category": "Tires and Tubes",
  "Average_Revenue": "131.31024160786831"
}, {
  "Year": "2016",
  "Continent": "NORTH AMERICA",
  "Sub_Category": "Socks",
  "Average_Revenue": "126.74857142857144"
}, {
  "Year": "2016",
  "Continent": "NORTH AMERICA",
  "Sub_Category": "Caps",
  "Average_Revenue": "123.61566484517296"
}, {
  "Year": "2016",
  "Continent": "NORTH AMERICA",
  "Sub_Category": "Cleaners",
  "Average_Revenue": "108.48754448398579"
}, {
  "Year": "2016",
  "Continent": "NORTH AMERICA",
  "Sub_Category": "Bottles and Cages",
  "Average_Revenue": "89.962377084223959"
}]