[{
  "month": "Jan",
  "year": "2011",
  "Continent": "AUSTRALIA",
  "average_revenue": "627.17647058823513"
}, {
  "month": "Feb",
  "year": "2011",
  "Continent": "AUSTRALIA",
  "average_revenue": "847.75"
}, {
  "month": "Mar",
  "year": "2011",
  "Continent": "AUSTRALIA",
  "average_revenue": "777.53846153846143"
}, {
  "month": "Apr",
  "year": "2011",
  "Continent": "AUSTRALIA",
  "average_revenue": "594.14285714285711"
}, {
  "month": "May",
  "year": "2011",
  "Continent": "AUSTRALIA",
  "average_revenue": "722.82352941176487"
}, {
  "month": "June",
  "year": "2011",
  "Continent": "AUSTRALIA",
  "average_revenue": "650.5999999999998"
}, {
  "month": "July",
  "year": "2011",
  "Continent": "AUSTRALIA",
  "average_revenue": "654.55555555555554"
}, {
  "month": "Aug",
  "year": "2011",
  "Continent": "AUSTRALIA",
  "average_revenue": "695.60869565217411"
}, {
  "month": "Sep",
  "year": "2011",
  "Continent": "AUSTRALIA",
  "average_revenue": "618.33333333333326"
}, {
  "month": "Oct",
  "year": "2011",
  "Continent": "AUSTRALIA",
  "average_revenue": "692.26086956521726"
}, {
  "month": "Nov",
  "year": "2011",
  "Continent": "AUSTRALIA",
  "average_revenue": "689.68421052631584"
}, {
  "month": "Dec",
  "year": "2011",
  "Continent": "AUSTRALIA",
  "average_revenue": "763.0454545454545"
}, {
  "month": "Jan",
  "year": "2012",
  "Continent": "AUSTRALIA",
  "average_revenue": "876.72727272727286"
}, {
  "month": "Feb",
  "year": "2012",
  "Continent": "AUSTRALIA",
  "average_revenue": "891.25"
}, {
  "month": "Mar",
  "year": "2012",
  "Continent": "AUSTRALIA",
  "average_revenue": "909.4"
}, {
  "month": "Apr",
  "year": "2012",
  "Continent": "AUSTRALIA",
  "average_revenue": "899.75"
}, {
  "month": "May",
  "year": "2012",
  "Continent": "AUSTRALIA",
  "average_revenue": "921.56249999999989"
}, {
  "month": "June",
  "year": "2012",
  "Continent": "AUSTRALIA",
  "average_revenue": "908.35483870967732"
}, {
  "month": "July",
  "year": "2012",
  "Continent": "AUSTRALIA",
  "average_revenue": "920.0"
}, {
  "month": "Aug",
  "year": "2012",
  "Continent": "AUSTRALIA",
  "average_revenue": "914.40000000000009"
}, {
  "month": "Sep",
  "year": "2012",
  "Continent": "AUSTRALIA",
  "average_revenue": "880.0"
}, {
  "month": "Oct",
  "year": "2012",
  "Continent": "AUSTRALIA",
  "average_revenue": "909.8125"
}, {
  "month": "Nov",
  "year": "2012",
  "Continent": "AUSTRALIA",
  "average_revenue": "890.08333333333337"
}, {
  "month": "Dec",
  "year": "2012",
  "Continent": "AUSTRALIA",
  "average_revenue": "912.0"
}, {
  "month": "Jan",
  "year": "2013",
  "Continent": "AUSTRALIA",
  "average_revenue": "622.67999999999984"
}, {
  "month": "Feb",
  "year": "2013",
  "Continent": "AUSTRALIA",
  "average_revenue": "724.43333333333317"
}, {
  "month": "Mar",
  "year": "2013",
  "Continent": "AUSTRALIA",
  "average_revenue": "662.888888888889"
}, {
  "month": "Apr",
  "year": "2013",
  "Continent": "AUSTRALIA",
  "average_revenue": "588.3478260869565"
}, {
  "month": "May",
  "year": "2013",
  "Continent": "AUSTRALIA",
  "average_revenue": "661.96666666666681"
}, {
  "month": "June",
  "year": "2013",
  "Continent": "AUSTRALIA",
  "average_revenue": "687.06521739130437"
}, {
  "month": "July",
  "year": "2013",
  "Continent": "AUSTRALIA",
  "average_revenue": "259.19921875000006"
}, {
  "month": "Aug",
  "year": "2013",
  "Continent": "AUSTRALIA",
  "average_revenue": "251.30870279146143"
}, {
  "month": "Sep",
  "year": "2013",
  "Continent": "AUSTRALIA",
  "average_revenue": "281.4684813753579"
}, {
  "month": "Oct",
  "year": "2013",
  "Continent": "AUSTRALIA",
  "average_revenue": "265.73297002724792"
}, {
  "month": "Nov",
  "year": "2013",
  "Continent": "AUSTRALIA",
  "average_revenue": "251.76436781609192"
}, {
  "month": "Dec",
  "year": "2013",
  "Continent": "AUSTRALIA",
  "average_revenue": "276.41066666666637"
}, {
  "month": "Jan",
  "year": "2014",
  "Continent": "AUSTRALIA",
  "average_revenue": "246.40166204986141"
}, {
  "month": "Feb",
  "year": "2014",
  "Continent": "AUSTRALIA",
  "average_revenue": "233.95020188425298"
}, {
  "month": "Mar",
  "year": "2014",
  "Continent": "AUSTRALIA",
  "average_revenue": "253.6115007012622"
}, {
  "month": "Apr",
  "year": "2014",
  "Continent": "AUSTRALIA",
  "average_revenue": "239.95208070617912"
}, {
  "month": "May",
  "year": "2014",
  "Continent": "AUSTRALIA",
  "average_revenue": "257.93750000000017"
}, {
  "month": "June",
  "year": "2014",
  "Continent": "AUSTRALIA",
  "average_revenue": "267.77777777777789"
}, {
  "month": "July",
  "year": "2014",
  "Continent": "AUSTRALIA",
  "average_revenue": "200.51497005988026"
}, {
  "month": "Jan",
  "year": "2015",
  "Continent": "AUSTRALIA",
  "average_revenue": "673.18181818181813"
}, {
  "month": "Feb",
  "year": "2015",
  "Continent": "AUSTRALIA",
  "average_revenue": "657.05555555555554"
}, {
  "month": "Mar",
  "year": "2015",
  "Continent": "AUSTRALIA",
  "average_revenue": "647.375"
}, {
  "month": "Apr",
  "year": "2015",
  "Continent": "AUSTRALIA",
  "average_revenue": "623.36363636363637"
}, {
  "month": "May",
  "year": "2015",
  "Continent": "AUSTRALIA",
  "average_revenue": "706.96000000000015"
}, {
  "month": "June",
  "year": "2015",
  "Continent": "AUSTRALIA",
  "average_revenue": "680.7941176470589"
}, {
  "month": "July",
  "year": "2015",
  "Continent": "AUSTRALIA",
  "average_revenue": "251.33864541832654"
}, {
  "month": "Aug",
  "year": "2015",
  "Continent": "AUSTRALIA",
  "average_revenue": "243.47213114754089"
}, {
  "month": "Sep",
  "year": "2015",
  "Continent": "AUSTRALIA",
  "average_revenue": "276.1819505094615"
}, {
  "month": "Oct",
  "year": "2015",
  "Continent": "AUSTRALIA",
  "average_revenue": "255.12863070539413"
}, {
  "month": "Nov",
  "year": "2015",
  "Continent": "AUSTRALIA",
  "average_revenue": "245.99274310595055"
}, {
  "month": "Dec",
  "year": "2015",
  "Continent": "AUSTRALIA",
  "average_revenue": "258.61126373626354"
}, {
  "month": "Jan",
  "year": "2016",
  "Continent": "AUSTRALIA",
  "average_revenue": "229.375"
}, {
  "month": "Feb",
  "year": "2016",
  "Continent": "AUSTRALIA",
  "average_revenue": "218.30886426592798"
}, {
  "month": "Mar",
  "year": "2016",
  "Continent": "AUSTRALIA",
  "average_revenue": "238.70664739884384"
}, {
  "month": "Apr",
  "year": "2016",
  "Continent": "AUSTRALIA",
  "average_revenue": "223.22164276401557"
}, {
  "month": "May",
  "year": "2016",
  "Continent": "AUSTRALIA",
  "average_revenue": "237.70491803278685"
}, {
  "month": "June",
  "year": "2016",
  "Continent": "AUSTRALIA",
  "average_revenue": "247.783943329398"
}, {
  "month": "July",
  "year": "2016",
  "Continent": "AUSTRALIA",
  "average_revenue": "183.64564564564577"
},{
  "month": "Mar",
  "year": "2011",
  "Continent": "EUROPE",
  "average_revenue": "695.25"
}, {
  "month": "Apr",
  "year": "2011",
  "Continent": "EUROPE",
  "average_revenue": "625.5"
}, {
  "month": "May",
  "year": "2011",
  "Continent": "EUROPE",
  "average_revenue": "491.5"
}, {
  "month": "June",
  "year": "2011",
  "Continent": "EUROPE",
  "average_revenue": "701.25"
}, {
  "month": "July",
  "year": "2011",
  "Continent": "EUROPE",
  "average_revenue": "699.61538461538453"
}, {
  "month": "Aug",
  "year": "2011",
  "Continent": "EUROPE",
  "average_revenue": "561.888888888889"
}, {
  "month": "Sep",
  "year": "2011",
  "Continent": "EUROPE",
  "average_revenue": "605.0"
}, {
  "month": "Oct",
  "year": "2011",
  "Continent": "EUROPE",
  "average_revenue": "601.22222222222217"
}, {
  "month": "Nov",
  "year": "2011",
  "Continent": "EUROPE",
  "average_revenue": "684.26666666666654"
}, {
  "month": "Dec",
  "year": "2011",
  "Continent": "EUROPE",
  "average_revenue": "696.66666666666663"
}, {
  "month": "Feb",
  "year": "2012",
  "Continent": "EUROPE",
  "average_revenue": "912.5"
}, {
  "month": "Mar",
  "year": "2012",
  "Continent": "EUROPE",
  "average_revenue": "945.0"
}, {
  "month": "Apr",
  "year": "2012",
  "Continent": "EUROPE",
  "average_revenue": "915.25"
}, {
  "month": "May",
  "year": "2012",
  "Continent": "EUROPE",
  "average_revenue": "913.0"
}, {
  "month": "June",
  "year": "2012",
  "Continent": "EUROPE",
  "average_revenue": "904.0"
}, {
  "month": "July",
  "year": "2012",
  "Continent": "EUROPE",
  "average_revenue": "899.5"
}, {
  "month": "Aug",
  "year": "2012",
  "Continent": "EUROPE",
  "average_revenue": "940.0"
}, {
  "month": "Sep",
  "year": "2012",
  "Continent": "EUROPE",
  "average_revenue": "886.0"
}, {
  "month": "Oct",
  "year": "2012",
  "Continent": "EUROPE",
  "average_revenue": "969.0"
}, {
  "month": "Nov",
  "year": "2012",
  "Continent": "EUROPE",
  "average_revenue": "1004.0"
}, {
  "month": "Dec",
  "year": "2012",
  "Continent": "EUROPE",
  "average_revenue": "882.0"
}, {
  "month": "Jan",
  "year": "2013",
  "Continent": "EUROPE",
  "average_revenue": "650.56249999999989"
}, {
  "month": "Feb",
  "year": "2013",
  "Continent": "EUROPE",
  "average_revenue": "688.36363636363637"
}, {
  "month": "Mar",
  "year": "2013",
  "Continent": "EUROPE",
  "average_revenue": "616.62500000000011"
}, {
  "month": "Apr",
  "year": "2013",
  "Continent": "EUROPE",
  "average_revenue": "704.62500000000011"
}, {
  "month": "May",
  "year": "2013",
  "Continent": "EUROPE",
  "average_revenue": "714.39285714285722"
}, {
  "month": "June",
  "year": "2013",
  "Continent": "EUROPE",
  "average_revenue": "682.774193548387"
}, {
  "month": "July",
  "year": "2013",
  "Continent": "EUROPE",
  "average_revenue": "319.25654450261766"
}, {
  "month": "Aug",
  "year": "2013",
  "Continent": "EUROPE",
  "average_revenue": "265.12947368421032"
}, {
  "month": "Sep",
  "year": "2013",
  "Continent": "EUROPE",
  "average_revenue": "265.73099999999977"
}, {
  "month": "Oct",
  "year": "2013",
  "Continent": "EUROPE",
  "average_revenue": "244.71790065604523"
}, {
  "month": "Nov",
  "year": "2013",
  "Continent": "EUROPE",
  "average_revenue": "261.77502691065678"
}, {
  "month": "Dec",
  "year": "2013",
  "Continent": "EUROPE",
  "average_revenue": "280.28228652081867"
}, {
  "month": "Jan",
  "year": "2014",
  "Continent": "EUROPE",
  "average_revenue": "259.34377797672346"
}, {
  "month": "Feb",
  "year": "2014",
  "Continent": "EUROPE",
  "average_revenue": "259.92656391659096"
}, {
  "month": "Mar",
  "year": "2014",
  "Continent": "EUROPE",
  "average_revenue": "282.49840764331225"
}, {
  "month": "Apr",
  "year": "2014",
  "Continent": "EUROPE",
  "average_revenue": "278.93730650154822"
}, {
  "month": "May",
  "year": "2014",
  "Continent": "EUROPE",
  "average_revenue": "286.88739746457861"
}, {
  "month": "June",
  "year": "2014",
  "Continent": "EUROPE",
  "average_revenue": "281.25842696629223"
}, {
  "month": "July",
  "year": "2014",
  "Continent": "EUROPE",
  "average_revenue": "230.08720930232559"
}, {
  "month": "Jan",
  "year": "2015",
  "Continent": "EUROPE",
  "average_revenue": "683.15384615384619"
}, {
  "month": "Feb",
  "year": "2015",
  "Continent": "EUROPE",
  "average_revenue": "696.06666666666661"
}, {
  "month": "Mar",
  "year": "2015",
  "Continent": "EUROPE",
  "average_revenue": "599.50000000000011"
}, {
  "month": "Apr",
  "year": "2015",
  "Continent": "EUROPE",
  "average_revenue": "712.91666666666663"
}, {
  "month": "May",
  "year": "2015",
  "Continent": "EUROPE",
  "average_revenue": "742.85714285714289"
}, {
  "month": "June",
  "year": "2015",
  "Continent": "EUROPE",
  "average_revenue": "699.62068965517244"
}, {
  "month": "July",
  "year": "2015",
  "Continent": "EUROPE",
  "average_revenue": "302.96969696969694"
}, {
  "month": "Aug",
  "year": "2015",
  "Continent": "EUROPE",
  "average_revenue": "249.91280947255123"
}, {
  "month": "Sep",
  "year": "2015",
  "Continent": "EUROPE",
  "average_revenue": "244.28834355828212"
}, {
  "month": "Oct",
  "year": "2015",
  "Continent": "EUROPE",
  "average_revenue": "230.783938814531"
}, {
  "month": "Nov",
  "year": "2015",
  "Continent": "EUROPE",
  "average_revenue": "247.7743362831859"
}, {
  "month": "Dec",
  "year": "2015",
  "Continent": "EUROPE",
  "average_revenue": "264.74981923355097"
}, {
  "month": "Jan",
  "year": "2016",
  "Continent": "EUROPE",
  "average_revenue": "243.06365313653131"
}, {
  "month": "Feb",
  "year": "2016",
  "Continent": "EUROPE",
  "average_revenue": "244.80633147113619"
}, {
  "month": "Mar",
  "year": "2016",
  "Continent": "EUROPE",
  "average_revenue": "268.14696223316906"
}, {
  "month": "Apr",
  "year": "2016",
  "Continent": "EUROPE",
  "average_revenue": "262.44249201277995"
}, {
  "month": "May",
  "year": "2016",
  "Continent": "EUROPE",
  "average_revenue": "265.72966692486438"
}, {
  "month": "June",
  "year": "2016",
  "Continent": "EUROPE",
  "average_revenue": "262.51294964028779"
}, {
  "month": "July",
  "year": "2016",
  "Continent": "EUROPE",
  "average_revenue": "222.30232558139525"
},{
  "month": "Jan",
  "year": "2011",
  "Continent": "NORTH AMERICA",
  "average_revenue": "616.3125"
}, {
  "month": "Feb",
  "year": "2011",
  "Continent": "NORTH AMERICA",
  "average_revenue": "568.90909090909088"
}, {
  "month": "Mar",
  "year": "2011",
  "Continent": "NORTH AMERICA",
  "average_revenue": "610.18181818181813"
}, {
  "month": "Apr",
  "year": "2011",
  "Continent": "NORTH AMERICA",
  "average_revenue": "680.44444444444446"
}, {
  "month": "May",
  "year": "2011",
  "Continent": "NORTH AMERICA",
  "average_revenue": "687.91666666666674"
}, {
  "month": "June",
  "year": "2011",
  "Continent": "NORTH AMERICA",
  "average_revenue": "680.0"
}, {
  "month": "July",
  "year": "2011",
  "Continent": "NORTH AMERICA",
  "average_revenue": "623.5"
}, {
  "month": "Aug",
  "year": "2011",
  "Continent": "NORTH AMERICA",
  "average_revenue": "680.83333333333337"
}, {
  "month": "Sep",
  "year": "2011",
  "Continent": "NORTH AMERICA",
  "average_revenue": "642.66666666666663"
}, {
  "month": "Oct",
  "year": "2011",
  "Continent": "NORTH AMERICA",
  "average_revenue": "725.5"
}, {
  "month": "Nov",
  "year": "2011",
  "Continent": "NORTH AMERICA",
  "average_revenue": "676.0"
}, {
  "month": "Dec",
  "year": "2011",
  "Continent": "NORTH AMERICA",
  "average_revenue": "620.58333333333326"
}, {
  "month": "Jan",
  "year": "2012",
  "Continent": "NORTH AMERICA",
  "average_revenue": "842.0"
}, {
  "month": "Feb",
  "year": "2012",
  "Continent": "NORTH AMERICA",
  "average_revenue": "900.0"
}, {
  "month": "Mar",
  "year": "2012",
  "Continent": "NORTH AMERICA",
  "average_revenue": "871.0"
}, {
  "month": "Apr",
  "year": "2012",
  "Continent": "NORTH AMERICA",
  "average_revenue": "871.0"
}, {
  "month": "June",
  "year": "2012",
  "Continent": "NORTH AMERICA",
  "average_revenue": "863.75"
}, {
  "month": "July",
  "year": "2012",
  "Continent": "NORTH AMERICA",
  "average_revenue": "842.0"
}, {
  "month": "Aug",
  "year": "2012",
  "Continent": "NORTH AMERICA",
  "average_revenue": "863.75"
}, {
  "month": "Sep",
  "year": "2012",
  "Continent": "NORTH AMERICA",
  "average_revenue": "842.0"
}, {
  "month": "Oct",
  "year": "2012",
  "Continent": "NORTH AMERICA",
  "average_revenue": "885.5"
}, {
  "month": "Nov",
  "year": "2012",
  "Continent": "NORTH AMERICA",
  "average_revenue": "884.0"
}, {
  "month": "Dec",
  "year": "2012",
  "Continent": "NORTH AMERICA",
  "average_revenue": "842.0"
}, {
  "month": "Jan",
  "year": "2013",
  "Continent": "NORTH AMERICA",
  "average_revenue": "665.78947368421052"
}, {
  "month": "Feb",
  "year": "2013",
  "Continent": "NORTH AMERICA",
  "average_revenue": "665.6521739130435"
}, {
  "month": "Mar",
  "year": "2013",
  "Continent": "NORTH AMERICA",
  "average_revenue": "689.26666666666665"
}, {
  "month": "Apr",
  "year": "2013",
  "Continent": "NORTH AMERICA",
  "average_revenue": "685.44"
}, {
  "month": "May",
  "year": "2013",
  "Continent": "NORTH AMERICA",
  "average_revenue": "643.86666666666679"
}, {
  "month": "June",
  "year": "2013",
  "Continent": "NORTH AMERICA",
  "average_revenue": "632.875"
}, {
  "month": "July",
  "year": "2013",
  "Continent": "NORTH AMERICA",
  "average_revenue": "309.61538461538453"
}, {
  "month": "Aug",
  "year": "2013",
  "Continent": "NORTH AMERICA",
  "average_revenue": "251.551645856981"
}, {
  "month": "Sep",
  "year": "2013",
  "Continent": "NORTH AMERICA",
  "average_revenue": "260.74720496894406"
}, {
  "month": "Oct",
  "year": "2013",
  "Continent": "NORTH AMERICA",
  "average_revenue": "249.54089861751149"
}, {
  "month": "Nov",
  "year": "2013",
  "Continent": "NORTH AMERICA",
  "average_revenue": "245.88225718936522"
}, {
  "month": "Dec",
  "year": "2013",
  "Continent": "NORTH AMERICA",
  "average_revenue": "264.58143851508095"
}, {
  "month": "Jan",
  "year": "2014",
  "Continent": "NORTH AMERICA",
  "average_revenue": "231.95849691531134"
}, {
  "month": "Feb",
  "year": "2014",
  "Continent": "NORTH AMERICA",
  "average_revenue": "239.36996336996339"
}, {
  "month": "Mar",
  "year": "2014",
  "Continent": "NORTH AMERICA",
  "average_revenue": "235.85906793935982"
}, {
  "month": "Apr",
  "year": "2014",
  "Continent": "NORTH AMERICA",
  "average_revenue": "234.70626349892009"
}, {
  "month": "May",
  "year": "2014",
  "Continent": "NORTH AMERICA",
  "average_revenue": "248.3895040924412"
}, {
  "month": "June",
  "year": "2014",
  "Continent": "NORTH AMERICA",
  "average_revenue": "244.68350515463905"
}, {
  "month": "July",
  "year": "2014",
  "Continent": "NORTH AMERICA",
  "average_revenue": "204.68644818423417"
}, {
  "month": "Jan",
  "year": "2015",
  "Continent": "NORTH AMERICA",
  "average_revenue": "649.41666666666663"
}, {
  "month": "Feb",
  "year": "2015",
  "Continent": "NORTH AMERICA",
  "average_revenue": "681.12500000000011"
}, {
  "month": "Mar",
  "year": "2015",
  "Continent": "NORTH AMERICA",
  "average_revenue": "713.46153846153834"
}, {
  "month": "Apr",
  "year": "2015",
  "Continent": "NORTH AMERICA",
  "average_revenue": "687.61538461538464"
}, {
  "month": "May",
  "year": "2015",
  "Continent": "NORTH AMERICA",
  "average_revenue": "634.77272727272725"
}, {
  "month": "June",
  "year": "2015",
  "Continent": "NORTH AMERICA",
  "average_revenue": "674.0526315789474"
}, {
  "month": "July",
  "year": "2015",
  "Continent": "NORTH AMERICA",
  "average_revenue": "273.96531791907529"
}, {
  "month": "Aug",
  "year": "2015",
  "Continent": "NORTH AMERICA",
  "average_revenue": "237.78868360277144"
}, {
  "month": "Sep",
  "year": "2015",
  "Continent": "NORTH AMERICA",
  "average_revenue": "246.76529968454244"
}, {
  "month": "Oct",
  "year": "2015",
  "Continent": "NORTH AMERICA",
  "average_revenue": "233.45132743362851"
}, {
  "month": "Nov",
  "year": "2015",
  "Continent": "NORTH AMERICA",
  "average_revenue": "234.31028761061944"
}, {
  "month": "Dec",
  "year": "2015",
  "Continent": "NORTH AMERICA",
  "average_revenue": "254.50399623883376"
}, {
  "month": "Jan",
  "year": "2016",
  "Continent": "NORTH AMERICA",
  "average_revenue": "219.2981153626497"
}, {
  "month": "Feb",
  "year": "2016",
  "Continent": "NORTH AMERICA",
  "average_revenue": "229.89937888198739"
}, {
  "month": "Mar",
  "year": "2016",
  "Continent": "NORTH AMERICA",
  "average_revenue": "224.67873303167434"
}, {
  "month": "Apr",
  "year": "2016",
  "Continent": "NORTH AMERICA",
  "average_revenue": "220.40815217391312"
}, {
  "month": "May",
  "year": "2016",
  "Continent": "NORTH AMERICA",
  "average_revenue": "238.06773879142332"
}, {
  "month": "June",
  "year": "2016",
  "Continent": "NORTH AMERICA",
  "average_revenue": "229.97418335089588"
}, {
  "month": "July",
  "year": "2016",
  "Continent": "NORTH AMERICA",
  "average_revenue": "193.74709562109041"
}]